sample_id,Forward,Reverse
64pA01Plate1CI_S1,CGACTTGG,CGACTTGG
64pA02Plate1CI_S2,GTGGCTGCT,CGACTTGG
64pA03Plate1CI_S3,GCAGTTACAG,CGACTTGG
64pA04Plate1CI_S4,CACGATGACTA,CGACTTGG
64pA05Plate1CI_S5,CGTGGTAA,CGACTTGG
64pA06Plate1CI_S6,ATAATTCTG,CGACTTGG
64pA07Plate1CI_S7,CTTGGGCCAT,CGACTTGG
64pA08Plate1CI_S8,ATGTTGTACAG,CGACTTGG
64pA09Plate1CI_S9,CTGGTTCA,CGACTTGG
64pA10Plate1CI_S10,GTCCATATG,CGACTTGG
64pA11Plate1CI_S11,GCGAGTTGAC,CGACTTGG
64pA12Plate1CI_S12,GCCCTCCGTAC,CGACTTGG
64pB01Plate1CI_S13,CGACTTGG,GTGGCTGCT
64pB02Plate1CI_S14,GTGGCTGCT,GTGGCTGCT
64pB03Plate1CI_S15,GCAGTTACAG,GTGGCTGCT
64pB04Plate1CI_S16,CACGATGACTA,GTGGCTGCT
64pB05Plate1CI_S17,CGTGGTAA,GTGGCTGCT
64pB06Plate1CI_S18,ATAATTCTG,GTGGCTGCT
64pB07Plate1CI_S19,CTTGGGCCAT,GTGGCTGCT
64pB08Plate1CI_S20,ATGTTGTACAG,GTGGCTGCT
64pB09Plate1CI_S21,CTGGTTCA,GTGGCTGCT
64pB10Plate1CI_S22,GTCCATATG,GTGGCTGCT
64pB11Plate1CI_S23,GCGAGTTGAC,GTGGCTGCT
64pB12Plate1CI_S24,GCCCTCCGTAC,GTGGCTGCT
64pC01Plate1CI_S25,CGACTTGG,GCAGTTACAG
64pC02Plate1CI_S26,GTGGCTGCT,GCAGTTACAG
64pC03Plate1CI_S27,GCAGTTACAG,GCAGTTACAG
64pC04Plate1CI_S28,CACGATGACTA,GCAGTTACAG
64pC05Plate1CI_S29,CGTGGTAA,GCAGTTACAG
64pC06Plate1CI_S30,ATAATTCTG,GCAGTTACAG
64pC07Plate1CI_S31,CTTGGGCCAT,GCAGTTACAG
64pC08Plate1CI_S32,ATGTTGTACAG,GCAGTTACAG
64pC09Plate1CI_S33,CTGGTTCA,GCAGTTACAG
64pC10Plate1CI_S34,GTCCATATG,GCAGTTACAG
64pC11Plate1CI_S35,GCGAGTTGAC,GCAGTTACAG
64pC12Plate1CI_S36,GCCCTCCGTAC,GCAGTTACAG
64pD01Plate1CI_S37,CGACTTGG,CAGAATCTG
64pD02Plate1CI_S38,GTGGCTGCT,CAGAATCTG
64pD03Plate1CI_S39,GCAGTTACAG,CAGAATCTG
64pD04Plate1CI_S40,CACGATGACTA,CAGAATCTG
64pD05Plate1CI_S41,CGTGGTAA,CAGAATCTG
64pD06Plate1CI_S42,ATAATTCTG,CAGAATCTG
64pD07Plate1CI_S43,CTTGGGCCAT,CAGAATCTG
64pD08Plate1CI_S44,ATGTTGTACAG,CAGAATCTG
64pD09Plate1CI_S45,CTGGTTCA,CAGAATCTG
64pD10Plate1CI_S46,GTCCATATG,CAGAATCTG
64pD11Plate1CI_S47,GCGAGTTGAC,CAGAATCTG
64pD12Plate1CI_S48,GCCCTCCGTAC,CAGAATCTG
64pE01Plate1CI_S49,CGACTTGG,CGTGGTAA
64pE02Plate1CI_S50,GTGGCTGCT,CGTGGTAA
64pE03Plate1CI_S51,GCAGTTACAG,CGTGGTAA
64pE04Plate1CI_S52,CACGATGACTA,CGTGGTAA
64pE05Plate1CI_S53,CGTGGTAA,CGTGGTAA
64pE06Plate1CI_S54,ATAATTCTG,CGTGGTAA
64pE07Plate1CI_S55,CTTGGGCCAT,CGTGGTAA
64pE08Plate1CI_S56,ATGTTGTACAG,CGTGGTAA
64pE09Plate1CI_S57,CTGGTTCA,CGTGGTAA
64pE10Plate1CI_S58,GTCCATATG,CGTGGTAA
64pE11Plate1CI_S59,GCGAGTTGAC,CGTGGTAA
64pE12Plate1CI_S60,GCCCTCCGTAC,CGTGGTAA
64pF01Plate1CI_S61,CGACTTGG,ATAATTCTG
64pF02Plate1CI_S62,GTGGCTGCT,ATAATTCTG
64pF03Plate1CI_S63,GCAGTTACAG,ATAATTCTG
64pF04Plate1CI_S64,CACGATGACTA,ATAATTCTG
64pF05Plate1CI_S65,CGTGGTAA,ATAATTCTG
64pF06Plate1CI_S66,ATAATTCTG,ATAATTCTG
64pF07Plate1CI_S67,CTTGGGCCAT,ATAATTCTG
64pF08Plate1CI_S68,ATGTTGTACAG,ATAATTCTG
64pF09Plate1CI_S69,CTGGTTCA,ATAATTCTG
64pF10Plate1CI_S70,GTCCATATG,ATAATTCTG
64pF11Plate1CI_S71,GCGAGTTGAC,ATAATTCTG
64pF12Plate1CI_S72,GCCCTCCGTAC,ATAATTCTG
64pG01Plate1CI_S73,CGACTTGG,CTTGGGCCAT
64pG02Plate1CI_S74,GTGGCTGCT,CTTGGGCCAT
64pG03Plate1CI_S75,GCAGTTACAG,CTTGGGCCAT
64pG04Plate1CI_S76,CACGATGACTA,CTTGGGCCAT
64pG05Plate1CI_S77,CGTGGTAA,CTTGGGCCAT
64pG06Plate1CI_S78,ATAATTCTG,CTTGGGCCAT
64pG07Plate1CI_S79,CTTGGGCCAT,CTTGGGCCAT
64pG08Plate1CI_S80,ATGTTGTACAG,CTTGGGCCAT
64pG09Plate1CI_S81,CTGGTTCA,CTTGGGCCAT
64pG10Plate1CI_S82,GTCCATATG,CTTGGGCCAT
64pG11Plate1CI_S83,GCGAGTTGAC,CTTGGGCCAT
64pG12Plate1CI_S84,GCCCTCCGTAC,CTTGGGCCAT
64pH01Plate1CI_S85,CGACTTGG,ATGTTGTACAG
64pH02Plate1CI_S86,GTGGCTGCT,ATGTTGTACAG
64pH03Plate1CI_S87,GCAGTTACAG,ATGTTGTACAG
64pH04Plate1CI_S88,CACGATGACTA,ATGTTGTACAG
64pH05Plate1CI_S89,CGTGGTAA,ATGTTGTACAG
64pH06Plate1CI_S90,ATAATTCTG,ATGTTGTACAG
64pH07Plate1CI_S91,CTTGGGCCAT,ATGTTGTACAG
64pH08Plate1CI_S92,ATGTTGTACAG,ATGTTGTACAG
64pH09Plate1CI_S93,CTGGTTCA,ATGTTGTACAG
64pH10Plate1CI_S94,GTCCATATG,ATGTTGTACAG
64pH11Plate1CI_S95,GCGAGTTGAC,ATGTTGTACAG
64pH12Plate1CI_S96,GCCCTCCGTAC,ATGTTGTACAG
