Sample_ID	TCTCTCAAAGCGCTCAATTATTTATTGATAGTTTT	TTTTTTTAACGTTCAAAACCATTCCTCCTAGTTTAAACCAATTATTATTTGTCCATCCTTTTGTTCAAAATAATCACACGCAACATAATTACATAAATATAAATGTTCATAATATTGATCAGCTAAATATATACACGAATAATGAGTTGTATAGACAACAGCTTAACAAAAATATTCTAAATAATGTTACATTTGTTAATGCTCAAGAATT	TTAATAACCATCAAATACAAACTCAACCAACAAATACAGTACAATATATTCAACCAAATTATGAACAAGTCATAACACAAGTAGATCAAAATGGTAATCTATTCAATCAACAGCTTGTAGGAAGTACAGTAATGCAAAATATGACACCACAAGGTGTAAACACGTTAAATTATCCTGCAACGATCAATACTGTATGTGTTCCACAAACAATTTCTAATACTAATAATAGAACAT	AGACAAATATAAGAAACATCCCAGGAACCATACTTTTGTTTAATTAATTCTAAGAATCCTGATGTAGCTAAATTATAGATCGTATTATAATTGCCTGTATATATACATATAATAAAAAACTTTAAAACTAAGGGAACTAAATCGGTATGAATGGCCTGGGGACATTGAATTTGAATAAAATAGAAAAAATTATA	GGAAAAGGATCCCCTTCAACTTTGCAAACCCCAGGAAGTTCTTCAGGTGCCTCTCTTCATGCTGTTGGACCTAATCAAGGTGGACTATCTCAAGGTCTTTCTGGAAAAGATTCTGCTGACAAAATGCCTTTAGAAACTCAGCTAGCTATAGAAGAAATCAAGAGCTTATCCAATATGTTAGATAAAAAAACGACAGTTAACAGAAACTTAATCATAAGT	ATATTATAAAATCTATTCATATTATTATTATTATTGTTGTTATTATTATTATTATCGTTATCATCGTCGTCGTCGTCATTATCTCCTTCATCATCATTATCGTCATCGTCATCACTTGATCTCTTTCTAAGCAATTCTTGAAAAGATAATTTAGCCTTGTTGTCTA	AAATAACTGCATGTGAGTTGCTAAAAAATGATCAAGCTGAATCTATCCTATTGGATCAAGAACAATTGCTAAACACCAAATTGGGTGAAACAAAAAACCACCTGAACAGAACCCCATTTATACCTGAATCGGTCATACGAGAAAGGAAATTACGCCAAGAAAAAGCGCAATCCACAAACAACATGTTCGATTCAACAAACGCAGATAGTATTACTTCCCCAT	TATATTTTCTTGATTTAATTTATTTGGTTCATTTGATTGTAACGATTGGCTTTTTGATGATTTTTGTTGATTCTCCGAATTTTCTTCAGAATTTCCTTTTATTTGTTTCCATGTAGAAGTAAAAAATCCTTGTCCTTTAATTTTATTACTATTCTTATTGTTTAAAAAATCATTAT	TTTTACTTTTGCTACCATCAGGCATAATATAATCACCAGTACCATTTTTTTCTGATAAATTAATATTTTTTTGTATAACATCATATTTATCCCTTTTCGTGGTAAGTGCAGTATCCTGTTTTATTATTATATTATCGAATTCATCATGGTGTATATTTCTTTCTTTAA	TACATGCATTTATACAAAAAGATATGAAATATTTAGATGATCTCATAGATGAAGAGCAAACTATTAAAGATGCCGTCAAAAAAAGTGCTTATAAAGGAAATAAGAAATTAGGAAATAATAAAAAATCACAAATGATACTGGAAGAAGA	AAAACCTTAGCATTTGCTTTACCCTTGGTTGAAAAATTGTATAAAATGAAAACATCCAATGAAAAATTTGAAGAAAAAAATGGTTCACATGAAGAAGATCAAAAGAAAAATATATATGACGATGTTGATAATGATAATAATTATGATAATTTTTCATATGGTAAAAAATATCAAAATCGAGAACATAATAAAGATCCATCCATATTAGTAT	TTGTGGATTTGTAACTTGTAAAGCTGATAAATTGGTTTTAGAATATTTCATTTTTAATTTGTTTTCTTCCATTTCTTTTAATTCTTGTAATTTCATTTTTTCATATATCAAAACATATTTCGTAGAGAAGTTATTAACTAATTCATTTTCTTCTGACAAAATATTAGTATCATTAGTTGGTACTAATTGATCATTAATTAATGCCTTCTTACAATAAGCTTTTGCA	CTCCTCTCTCTCGGTCTTATTCTTCTTATTATTAATACTGTTGTTGTTGTTGTGGTGGTGGTGGTTTTTTTCGTTGTCTTTGTTATTTTTGTTGTCTTTGTTATTTTTGTTGTCTTTGTTATTTTTGTTGTTTTTTTTATTGTTGCTGTCTTTCCTTAATCCTTCATATTTC	AGAATCCTCTGGTCCTTTTGTTATACCTAATCCAAAAATTA	CTTTTTTGTTGCGTTACTTGCTGGGCTGATCAAAAAAAAAGTTGAATGTATTGAACTTAGTGCCAGCGAAATTTCCCCTCATGAAAACAAATCGACGAGTTCATCAATATTCCAAGAGGAATTAAAATTTGATAAGTCTCTGAAAAATTTTTTCAAACAAAATAAT	TCTCCATATGTTGGTGTTGTTAATTTAAGAGTCCTAAAACATATGTCATATAAAGCTTCATTATCGATAACTTGAACTTCATCAGCATTTTCAACCAACTGATGAACTGATAATGTAGCATTATATGGTTCAACAACAGTATCAGAAACTTTTGGTGATGGAAATACAGAAAATGTTTCCATAATACGATCAGGATACTCCTCTCTTATTTTACTAATCAACAAAGTACCCATA	TTTCTTCACCTTGGTTTATTACATTATTATTTTCATCATTGTGTTGAATGTCTTTATAAATATGTTCATTAATAATATCTTTGGAAGTATCTTCCATATTTTCTTCTTTATCAATTTTAAATACTTTTTCATAACTTTCATTTTCTTTTTTCTCCTTGGATGTTTCTAATTTATTCAAGTCATTTTTATCAAAATTATTTTTATAACTT	TTTTTAGGAAATTGTTAACTCATGTTAAAGAAGTTAAAGAATCAAAAGAGATAGAAAATAAGGGAGAGTATTTAATTTTAGGAAATGATAAAATTGAAATAATGGATGCACACGATTTCTTTTTTACAACGAATAGTAATATTAAATTCATGGAAACATTAGATAGTATATCAAATCAATATGGAT	ATATTGTTAAAACATTCAAATAGCTTACAACTTGTCTTATCAAATCAACAAAATAGATTAATGAGCAATTCTAACTTATCCTTTTATGTGAACAAATTAAATATTGTAAATGATTTCTTTTTTGAAACACACCATAAAGATACACATCAAGACAGTCAAA	AACTGGGAAAGCATTCCAAAAAAATTTAAACCTTTAAGCAATAGGATAAATGTTATATTGTCTAGAACCTTAAAAAAAGAAGATTTTGATGAAGATGTTTATATCATTAACAAAGTTGAAGATCTAATAGTTTTACTTGGGAAATTAAATTACTATAAATGTTTTATTAT	TTTTAATTTATACCTATTGGAACATTTTTTATTAGGTCTTTCTTTATGATTCTTCTTTAAAATAGGTTCATCATTATTTGAGTAAACTAACAGATCATTATCGTTCTCAAAATTATTATAACCATCAATATTTTTATTTCCATATACATCTATAATACTACTAAAATGTGGCATCATGTTTAATTTTTTA	CTGAATCTGTGCATCTAAAAATTGTTGCTCTTAAATATGGTAAATCATCTGTATTCATATCTACCTCATATTCATATAACATTTCATCTCTTTGAATTTCTTCTTGTTCATCATCGTCGGCTAATGATAATTGAAAATTTAACATATCTTCATTAAACCCATATA	TTCGATATTTATGCCATATGTGCATGTTGTAAGGTTGAAAGCAAAAATGAGGGGAAAAAAAATGAGGTTTTTAATAACTACACATTTAGAGGTCTAGGAAATAAAGGAGTATTACCATGGAAACGTATTTCCCTAGATATGAAATATTTTTG	TTTCATGATTTGGTATTTCCTTATATTTATATGTTAAATATTGTATGATTTTTTCTCTTTCTTGTGGTTTTGCTTGTAATTCTAATTGTAAATATTTTGTATTCCTTACAACTTCATCATCCATAGTTAATTGTATATCATTAAAGTTAATTCTCTTTTCAACTCTTTTTTTTAATTCAGCATTTTCTGCTTCGTCTTTACCTTCT	CTCTAGCATTGTGGGGGTTCATTTTTGAACATTTTTTTCTTTTTATAAATGAATCAGATGAATATTTATTATCATCTTCTTCTCTTCCTCTTTTTCTTTTCATCATATGAACTTTGCTACTTCGTTTTTGAAATAGTTTATTGAATTTTTGTAAAAGTTGTAATATTTCCTTTTGTTCATATGATGTTTTTTCTACTTCATTTTGTTCATATGATGT	CTCTAGCATTGTGGGGGTTCATTTTTGAACATTTTTTTCTTTTTATAAATGAATCAGATGAATATTTATTATCATCTTCTTCTCTTCCTCTTTTTCTTTTCATCTTATGAACTTTGCTACTTCGTTTTTGAAATAGTTTATTGAATTTTTGTAAAAGTTGTAATATTTCCTTTTGTTCATATGATGTTTTTTCTACTTCATTTTGTTCATATGATGT	AAAACCTTAGCATTTGCTTTACCCTTGGTTGAAAAATTGTATAAAATGAAAACATCCAATGAAAAATTTGAAGAAGAAAATGGTTCACATGAAGAAGATCAAAAGAAAAATATATATGACGATGTTGATAATGATAATAATTATGATAATTTTTCATATGGTAAAAAATATCAAAATCGAGAACATAATAAAGATCCATCCATATTAGTAT	CTCCTCTCTCTCGGTCTTATTCTTCTTATTATTAATACTGTTGTTGTTGTTGTGGTGGTGGTGGTTTTTTTCGTTGTCTTTGTTATTTTTGTTGCCTTTGTTATTTTTGTTGTCTTTGTTATTTTTGTTGTCTTTGTTATTTTTGTTGTTTTTTTTATTGTTGCTGTCTTTCCTTAATCCTTCATATTTC	TATATTGACATAATCTATTAATAGGAGACAGAATTTGATTCCTTATATAATATTCTTTATCTATTTTTAAATTATATTTTTTTATTTCATTTATACTAAAACAACATTGAGAATTATTTAATTTTTCACTTGTCTTTTTATAAAACCTAGAAGCATCTTCACTCGTACATACACAATATTGTATTTCTTTATTTACACAAATATTGTATCCGTCTTTTATCATCC	ATATTGTTAAAACATTCAAATAGCTTACAACTTATCTTATCAAATCAACAAAATAGATTAATGAGCAATTCTAACTTATCCTTTTATGTGAACAAATTAAATATTGTAAATGATTTCTTTTTTGAAACACACCATAAAGATACACATCAAGACAGTCAAA	CTCCTCTCTCTCGGTCTTATTCTTCTTATTATTAATACTGTTGTTGTTGTGGTGGTGGTGGTGGTTTTTTTCGTTGTCTTTGTTATTTTTGTTGCCTTTGTTATTTTTGTTGTCTTTGTTATTTTTGTTGTTTTTTTTATTGTTGCTGTCTTTCCTTAATCCTTCATATTTC	TTTCTTCACCTTGGTTTATTACATTATTATTTTCATCATTGTGTTGAATGTCCTTATAAATATGTTCATTAATAATATCTTTGGAAGTATCTTCCATATTTTCTTCTTTATCAATTTTAAATACTTTTTCATAACTTTCATTTTCTTTTTTCTCCTTGGATGTTTCTAATTTATTCTCGTCATTTTTATCAAAATTATTTTTATAACTT	CACAATTTTTTCAGGTTTTGTTAATTTATTAACACCATCAAGTCCTACTCAAAACGATGGATCTACAGGAAGAAATGTACCACCTCCTAGTGAACCTAATGTTGATACACCAGATCCTCCAACAGCACCCGCACCTGTAAAGGTACCTGAAGATGCAAAATTATCAAGTTCTCCTA	TTTTTAGGAAATTGTTAACTCATGTTAAAGAAGTTAAAGAATCAAAAGAGATAGAAAATAAGGGAGAGTATTTAATTCTAGGAAATGATAAAATTGAAATAATGGATGCACACGATTTCTTTTTTACAACGAATAGTAATATAAAATTCATGGAAACATTAGATAGTATATCAAATCAATATGGAT	TCAGTCAAAGCGCTCAATTATTTATTGATAGTTTT	ATTCCAACATTTTCTTATTCGATCTGTACCTTCAGGGTATAAATAACCAAAACATGGGAACATATCATTTCTATCTTTTTGTAATTCTAGACTTAAGCTAGAATTGATAGTATTTAAAGTAACAGAAAGTACACGAAAGTCCGCTACACTTTTTAATATATGT	ATTAAAAAACCAAAACAAAATTGAAAATGCTCTTTTCACCTTTTACTTACCTGTACATGATAAACATACAGGATTCTTAACCATTGGTGGTATTGAAGAAAGATTTTATGAAGGACCACTAACTTACGAAAAATTAAACCACGATTTATATTGGCAAATAACTTTAGATGCACACGTTGGAAATATAATGTTAGAAAAAGCAAACTGTATTGTAGATAGTGGTACT	CCCCTCTCTCTCGGTCTTATTCTTCTTATTATTAATACTGTTGTTGTTGTGGTGGTGGTGGTGGTTTTTTTCGTTGTCTTTGTTATTTTTGTTGCCTTTGTTATTTTTGTTGTCTTTGTTATTTTTGTTGTCTTTGTTATTTTTGTTGTTTTTTTTATTGTTGCTGTCTTTCCTTAATCCTTCATATTTC	ATTTTTATTTTCCAATTCTTTGCTGACTTGTTCAGGTATCTTTATATTCCCAACTGAATGTACATAACTAACAATAGAACAATTATAAGATTTATAAAGCCATTGTTCAATGCACGCCCCAGCAGCAACTCTTGTGGCTGTTTCT	ATTTTCTATATGATCCTTATTTTTATCTTCATCACATTTATAATTTACATAATTTTCGACGTCATCATTTTCATTATTACTCATAATTGAATTATCCACAATGTTTGCCTCTTTTACAGCTTTACAAAGTTGGTAAAAAATATGATAATTCCTTTCACCTTCTTGTTGA	TTTATTATGTTCAAACAAATTCTTATATTTTATATTATTGCATTTTTGTCTTTCCATATTTATAAAAGATTCTATTTTCTTTTTATAATCATTCCTTTTTATATAATTACACATTCCTTCATTTTGGTTGTCATAACTCTTCTTGGTTATTAAAG	TTTGTATATCTTGCTTATCCTTATCTAATTGTCCAAGAGCATTTAATTCATCATCTACATTTATTTTATTTTCTTGAGAATATTCTTCAATTTTGTCTTCGAAACTGTTATATAATCTATTTATAATTGGTTGTGCTATATTCTTTGATTGTTCATCAAGTTTCTGAGTAGCTTCTAATGTTCTTTGTTTCCATTTGTTTAAATTTTTTCGTATAAAT	TTCTTCACTTCAACATAATATTTATTAAATTCTAAATATGGATGATTTACATACATGGTATATTCTCCTTCTTTTACATTCTTAAAAAGAAATTTACCATCACTCTTTGGACTTACATAAGTATCTGAATCTAAATATATTGTACAATTAAATA	ATTTTATTAAAACATCTGAATGAAAAACAAAGAAGTGAAATCGCAAATGTTTGTAATATTTTTCCAATTATTGAAGTACAATATGAAATCGATCTTGATAAATCTTATAAAGTTAATGAAATTGCTCAACTTAATTTAACCATAGAAAGAGATTTAACAGATGATGCTGTGATTTTTGCACACTCACTTTATTTACCATTTGAAAAAGAAGAAA	ATATGTAGCAATTTCCGAATTAATTTAAAAAAATATAAGCATGCATATAAAGAACTAAATAATACTTTATGCTTTTTAAATCAAAAGAAAAATGATAATTTAAATATGATACATCATAATATACACTCGAAAAATGCTAAAGGTTTAGATACTTTTTATTCTTT	ATATTACATTTATTTAATGGATACATTAGATATAGAAAAAATAGAAGATATAAATTTAGAAGAAGTTAAAATGTCATTATTAGCTTCCTTAAAAGAAACAATGAATAAAATAGATACTATAGAAAAGAAAATTGAAGAATTCAAAAATAAATATATTTCATTATATAATAAAGTAAAA	CTGAATCTGTACATCTAAAAATTGTTGCTCTTAAATATGGTAAATCATCTGTATTCATATCTACCTCATATTCATATAACATTTCATCTCTTTGAATTTCTTCTTGTTCATCATCGTCGGCTAATGATAATTGAAAATTTAACATATCTTCATTAAACCCATATA	ATTTTCTATATGATCCTTATTTTTATCTTCATCACATTTATAATTTACATAATTTTCGACGTCATCATTTTCATTATTACTCATAATTGAATTATCCACAATGCTTGCCTCTTTTACAGCTTTACAAAGTTGGTAAAAAATATGATAATTCCTTTCACCTTCTTGTTGA	ATATTGTTAAAACATTCAAACAGCTTACAACTTATCTTATCAAATCAACAAAATAGATTAATGAGCAATTCTAACTTATCCTTTTATGTGAACAAATTAAATATTGTAAATGATTTCTTTTTTGGAACACACCATAAAGATACACCTCAAGACAGTCAAA	TTTCATGATTTGGTATTTCCTTATATTTATATGTTAAATATTGTATGATTTTTTCTCTTTCTTGTGGTTTTGCTTGTAATTCTAATTGTAAATATTTTGTATTCCTTACAACTTCATCATCCATAGTTAATTGTATATCATTAAATTTAATTCTCTTTTCAACTCTTTTTTTTAATTCAGCATTTTCTGCTTCGTCTTTACCTTCT	TAATTTTTTTTCTCCACTTTGTAATTTTTATTGTTGAATATATATATAAAGTTAAACCTATAAATAATACACTACCTAATAAACTATTCTTATATTTAAAAATAAATATAACACATGTTATTAATCCTTCTATTGTTGCCGGAATAATATACATTAAAACAGAACTCATCAAATTATT	TTTTCCTATATATGCATCTAAATTACCACAAAATAACGGCGCCAATTTGTGTTTATCAAAAGAATTGAATACAGGAGGAGAATTTTGTTCATATACTATTAATGAAAATAACTCATTTGAAGGAAAAGATACTAATAAAAAGAATTG	ATTTGGTAAAGGTATAATTATTGAGAATTCAAATACTACTTTTTTAAAACCGGTAGCTACGGGAAATCAAGATTTAAAAGATGGAGGTTTTGCTTTTCCTCCAACAAATCCTCTTATATCACCAATGACATTAGATCATATGAGAGATTTTTATAAAAATAATGAATATGTAAAAAATTTAGATGAATTGACTTTA	ATTTTATTAAAACATCTGAATGAAAAACAAAGAAGTGAAATCGCAAATGTTTGTAATATTTTTCCAATTATTGAAGTACAATATGAAATCGATCTTGATAAATCTTATAAAGTTAATGAAATAGCTCAACTTAATTTAACCATAGAAAGAGATTTAACAGATGATGCTGTGATTTTTGCACACTCACTTTATTTACCATTTGAAAAAGAAGAAA	ATGATCTTTTAGATTATCTTTAAAAAAATTAAGAATGAGTTTCTTAAGTAATTCATATTTATTAACATTCAATAAAAATTGATCAAATTTATTTTTAAATTCATCATATTTTCTAAGATAATTATTGGTATTTACTTCATTTTTTTTATATAAATAGATTAGGAGTTCATCGCAAAGTTTATCTATATTTTTTAAATTAGATAAACCT	TTACAGTAATATCATTTTTAATAAATTTAGTTTCTTTTTTGTTTATATTATCATGAACATTCCTTTCTTTGTTCATTACGTTAAAACGATTGTCCTTTTTTTCATATTCTTCACATGGTATATATTTATTAAAAATATCGTTTTTGTCAGAAACAAAATTCTCAATTAATTCGTTTAAACATTTTTTCTTTATATATTT	AAATTTATAACAATTTTTACATATGCCAGTTCCTTTTTAGGTTTATTTATTTGGTCATTAATAAAAAATGCAC	TCTCTATCATCAAACAATCTTGTAAATATTAATAGTACTTTAATCAATGACCACCATTTTGTACAAACAAATAATGATCATATGAACATCATACAACATATGGAGAACATTCCAGAAATGTCGGAATGTAATTTAAAAACTGACCAAAATAATAACATCTTTAATTTTCCACAAGATAAAATAAATCCTGATACAATGA	ATTTGGTAAAGGTATAATTATTGAGAATTCAAATACTACTTTTTTAACACCGGTAGCTACGGGAAATCAATATTTAAAAGATGGAGGTTTTGCTTTTCCTCCAACAGAACCTCTTATGTCACCAATGACATTAGATGAAATGAGACATTTTTATAAAGATAATAAATATGTAAAAAATTTAGATGAATTGACTTTA	TTAATAACCATCAAATACAAACTCAACCAACAAATACAGTACAATATATTCAACCAAATTATGAACAAGTCATAACACAAGTAGATCGAAATGGTAATCTATTCAATCAACAGCTTGTAGGAAGTACAGTAATGCAAAATATGACACCACAAGGTGTAAACACGTTAAATTATCCTGCAACGATCAATACTGTATGTGTTCCACAAACAATTTCTAATACTAATAATACAACAT	TAAATATTCATGGCATTTACTTATCAAAAAAAAAGGAAATCAAATCATAATAGATAAGGATGATGATTCTATAATAGATTTATTAACTGTTAATGAAAATTCTATTGATGCCCCAACACAAGATAATGAAAATAAAATTAATAGTTTACAAGCATTAGGTATAGAAGCTGTTAAAATAAATCAGAGATTTAGAAAACAGGTTATACTAAAAAATGATA	TTATACTGTATTTAATAATAATGGAGAAATATTATTAGATGATATTAATATATGTGATTATAACTTAAGATATCTTAGAAACTTATTTT	AAATGTACTAAAAAACAATATAAATAAAAATAACACAACACTCGAAAACGAATACTTCCACACATATCCAGCCCTCAAAGGAATCAGCGAAACACTAACAACCATTATTAGTGAAGGCAATAAAAATTTCGAGAATGCCAGAAATGTTATTAAAGAAGTTAAAAGCACAATAAAATATT	CATTTTGTATAAAAAAAATTATCTTTTTTTATGTCATATGTGTACAAATATTCCATTTTTTTACAAACCACGGTTGAACTTAAATTTGGCATACCAATCATATCATCACTATTAACACTATTATCCTTATTATTATTATTATTATTATATTCGTTATATTGTGTATAATTATCCTTA	GTATTGTTAAAACATTCAAATAGCTTACAACTTATCTTATCAAATCAACAAAATAGATTAATGAGCAATTCTAACTTATCCTTTTATGTGAACAAATTAAATATTGTAAATGATTTCTTTTTTGAAACACACCATAAAGATACACATCAAGACAGTCAAA	AAATGTACTAAAAAACAATATAAATAAAAATAACACAACACTCGAAAACGGATACTTCCACACATATCCAGCCCTCAAAGGAATCAGCGAAACACTAACAACCATTATTAGTGAAGGCAATAAAAATTTCGAGAATGCCAGAAATGTTATTAAAGAAGTTAAAAGCACAATAAAATATT	TTTTATTAGATTTGAAAAGAAGAAGTCTTATTCGAAATATGACAAAAGGTGAAAAACAATTACTCAAAAGCATAATATTTGAACAGAAAAAAACATATTCTTTAATAAGAAAAATATTAAGTAATTTTACATTAATAATAAATAAAATTCGTAGGGATTATAGTAATATACTTTTTAATATATCTTCT	ATTTATATGATAATAAACTTTTAAATATAAATTCATCATCTTCTACAAATAAAATAAACAAAACCAGCAAACTTATACATAAATTTAAAAAAACAAAAACTATATATAGTAAGGAAGTTAGAAATATGGAAAAGCTTAAAATTATATGTGAAGATAATGAACATGATTTTGATACACCTGTATGTATTAATCAAAATGATAACACATATAACAAAAAA	TAAATATTCATGGCATTTACTTATCAAAAAAAAAGGAAATCAAATCATAATAGATAAGGATGATGATTCTATAATAGATTTATTAACTGTTAATGAAAATTCTATAGATGCCCCAACACAAGATAATGAAAATAAAATTAATAGTTTACAAGCATTAGGTATAGAAGCTGTTAAAATAAATCAGAGATTTAGAAAACAGGTTATACTAAAAAATGATA	AGTTATACAGAAACCAATGTGATTTGTAAAAATTTTTTTTATACCTTTTGTTTAAATACAGAAAAAATAAAAACAACGAATATTCCATATATTATAAGTAGAATAATTACAGTGGTTCCACAATTTATTATTAGTAATAAATTGAATTTTCCCTTAATAATTAAACAATATCAGAATGACCAGATC	ATGGATGAACTAACAAATTATGATAATCTAGTTTATGATATAAAAAATTATTTAGAACAAAGATTAAATTTTCTTGTATTAAATGGAATACCTCGTTATAGGATACTATTTGATATTGGATTAGGATTTGGGAAGAAACATGATCAATCTATTAAACTCTTACAAAATATACATGTATATGATGAGTATCCACTTTTTATTGGATATTCAAGAAAAAGATTTATTG	TTTGTATATCTTGCTTATCCTTATCTAATTGTCCAAGAGCATCTAATTCATCATCTACATTTATTTTATTTTCTTGAGAATATTCTTCAATTTTGTCTTCGAAACTGTTATATAATCTATTTATAATTGGTTGTGCTATATTCTTTGATTGTTCATCAAGTTTCTGAGTAGCTTCTAATGTTCTTTGTTTCCATTTGTTTAAATTTTTTCGTATAAAT	ATGATGAATATAATAACTTAAATAAAAATATGGATGGCTCCAAGAGTGTTAATAATACTACAGCTAGTCATATTTCCAAATCCAAAAATGAACTTGAAAAAAAGTCATCAGCTAATAATAATGCTTATATTAAAATAATCGAAAATTATGATTTATTATGGTTAAAATTAATAGAAATTGAATTATGTTGTAATAATAAAAATTTAAATCCTATAATTTCGGAAGCATTG	ATTCCAACATTTTCTTATTCGATCTGTACCTTCAGGGTATAAATAACCAAAACATGGGAACATATCATTTCTATCTTTTTGTAATTCTAGACTTAAGCTAGAATTCATAGTATTTAAAGTAACAGAAAGTACACGAAAGTCCGCTACACTTTTTAATATATGT	GTATTGTTAAAACATTCAAATAGCTTACAACTTGTCTTATCAAATCAACAAAATAGATTAATGAGCAATTCTAACTTATCCTTTTATGTGAACAAATTAAATATTGTAAATGATTTCTTTTTTGAAACACACCATAAAGATACACATCAAGACAGTCAAA	ATATGTAGCAATTTCCGAATTAATTTAAAAAAATATAAGCATGCATATAAAGAGCTAAATAATACTTTATGCTTTTTAAATCAAAAGAAAAATGATAATTTAAATATGATACATCATAATATACACTCGAAAAATGCTAAAGGTTTAGATACTTTTTATTCTTT	TTTTTAGGAAATTGTTAACTCATGTTAAAGAAGTTAAAGAATCAAAAGAGATAGAAAATAAGGGAGAGTATTTAATTTTAGGAAATGATAAAATTGAAATAATGGATGCACACGATTTCTTTTTTACAACGAATAGTAATATAAAATTCATGGAAACATTAGATAGTATATCAAATCAATATGGAT	ATTACCTTTTTTTATATCTGTGTTTGGTGTAATATTAAAGAACATGAATTTAGGTGATGATATTAATCCTATAATATTATCATTAGTATCTATAGGTTTAGTACAATTTATATTATCAATGATATCAAGTTATTGTATGGATGTAATTACATCAAAAATATTAAAAACTTTAAAGCTTGAATATTTAAGAAGTGTTTTTTATCAAGAT	GGAAAAGGATCCCCTTCAACTTTGCAAACCCCAGGAAGTTCTTCAGGTGCCTCTCTTCATGCTGTTGGACCTAATCAAGGTGGACTATCTCAAGGTCTTTCTGGAAAAGATTCTGCTGACAAAATGCCTTTAGAAACTCAGCTAGCTATAGAAGAAATCAAGAGCTTATCCAATATGTTAGATAAAAAAAACGACAGTTAACAGAAACTTAATCATAAGT	AGTTATACAGAAACCAATGTGATTTGTAAAAATTTTTTTTATACCTTTTGTTTAAATACAGAAAAAATAAAAACAACGAATATTCCATATATTATAAGTAGAATAATTACAGTGGTTCCACAATTTATTATTAGTAATAAATTGAATTTTCCCTTATTAATTAAACAATATCAGAATGACCAGATG	TTCTAATATGTGTATATCTTGTTTATTTAATGAATCATCCTTTTTACCATTTAAATTTATGTCCACATAATTGGATCCATTATCATATATAAAATGTACCTTATCAGGAACCGTCACCTGAAATAAGGACGAATTTAAAATATACTTAACTAGATGATTATGGTATATATTATTA	AAAGGATAATAATAAAAAGAAAAAAAAATATATGACAAATACATTTGAACAAGATAATAATTATAATATGAATGATAATAAAAGGTTAGGTAGCTTTTTTAAAATAAATGATAAATGTGAATCTATTAATGAGAATGTTAATAATATTAATAAACAGTCTCTTAAGGATTCTATACTATTTGACAATATAAATGAGAAAGAATATTTTAA	AGTCTTAGCAGAAAACATATATCTACAACATGTAATGCTTCATCAGGTAATGTCTTCTTAAGAAAAGGAAACAAACCATTTGAACATTTTAATAGTCCTAATTTCGAAAATATGATGAAAGGAGTTTTTGGAATTATTCAAAATCCTTTTGAAAATGGCCAACTCACTTTCCCATTCTTTAAAAATATTAAT	GTATTGTTAAAACATTCAAACAGCTTACAACTTATCTTATCAAATCAACAAAATAGATTAATGAGCAATTCTAACTTATCCTTTTATGTGAACAAATTAAATATTGTAAATGATTTCTTTTTTGGAACACACCATAAAGATACACCTCAAGACAGTCAAA	CGACAAATATAAGAAACATCCCAGGAACCATACTTTTGTTTAATTAATTCTAAGAATCCTGATGTAGCTAAATTATAGATCGTATTATAATTGCCTGTATATATACATATAATAAAAAACTTTAAAACTAAGGGAACTAAATCGGTATGAATGGCCTGGGGACATTGAATTTGAATAAAATAGAAAAAATTATA	ATGATGAATATAATAACTTAAATAAAAATATGGACGGCTCCAAGAGTGTTAATAATACTACAGCTAGTAATATTTCCAAATCCAAAAATGAACTTGAAAAAAAGTCATCAGTTAATAATAATGCTTATATTAAAATTATCGAAAATTATGATTTATTATGGTTAAAATTAATAGAAATTGAATTATGTTGTAATAATAAAAATTTAAATCCTATAATTTCGGAAGCATTG	ATTATTTAGGTTGGTTACAATGGAGTGATCTTTTAGAGAAGCATATAGAGGTGTTAAATAAGAAGCATATTATAGAAAGTTTAGATGAATTAGAATTGTATTTAAAGGAAAATAAAAATAAGAATAAAAATTTTATTAACAATGATGATGAAAA	ATTAATGAACATAAATTTAATAATAATAATAATATTATTTTTGATATAGACAAGGAACAAAATAATACAATAAAATATCAAAATCATTTTGATAAAAGAAATATTTTTTTATTTGTATTAAATGAAAAAATGATTGTATTTACACAAACACCAATTGAT	TTTTTCTTTTAGATTTTTTCTTTTTAGGTTTTTCTTTATCTAATTGATCAAGTTTTAGAGAAGATTTATAAAATTCTAAACCTTTTTTAAGATTTGAAGTTCCTTCAGCTTCTTCTAATTCTTCCATTTCTTTGTATGTATTATCTGTTGTTTTATCTTCACCTTGATTTCCTGTACTTGTAGATTCAGTAGATGGACCTTCAGAACCTGATAATTCATT	CCCCTCTCTCTCGGTCTTATTCTTCTTATTATTAATACTGTTGTTGTTGTTGTGGTGGTGGTGGTTTTTTTCGTTGTCTTTGTTATTTTTGTTGCCTTTGTTATTTTTGTTGCCTTTGTTATTTTTGTTGTCTTTGTTATTTTTGTTGTTTTTTTTATTGTTGCTGTCTTTCCTTAATCCTTCATATTTC	AGTCTTAGCAGAAAACATATATCTACAACATGTAATGCTTCATCAGGTAATGTCTTCTTAAGAAAAGGAAACAAACCATTTGAACATTTTAATAGTCCTAATTTCGAAAATATGATGAAAGGAGTTTTTGGAATTATTCAAAATCCTTTTGAAAATGGCCAACCCACTTTCCCATTCTTTAAAAATATTAAT	TAATTTCTTTTTTTTTCTCTTCATCAGTTTCATTTTCTAATTCAGATCGTAGGGTTTCTTTATTTTTCTTACCTTCTTTGTATAATTTATGGAAGGTATCTAAAATTTTACGTACAATACGTTTAGAAACTGCCTTCAATATTTTATTCTGTTGTA	TTTCATCCAGTTTTTTAAAAAGATTATTCGCTAGAAAAATAAATAAATAAATAAATAAATATATATATATATATATATTTTATATATTATTTATTTTATTACATAGGTTAAACTCTATTAATTTGGTATTATATGATTTAATATCCTGATTCCCCCCATAAATATAAATTATATGCTTATCTATAAGACATGAATGACCAAAACGAACATTAAATA	ATTTGTAGGTCTAACACATATTTCATTGTCAGTTACTTTATATTTTTTTTTAATTTTTTGTAACTGTGCTTCATTTTCAGCTATTAAAGCACCTTCTAATAAAGTTGATGGGTTTGGTTTTTCGTTTAAATTTGCGCATATATGTGTTTCCACTTTGATTATTTCATATGTACCATTATTATCTTTTCCATAGAAATTATGTTTTAATATATCT	TTTTATTAGATTTGAAAAGAAGAAGTCTTATTCGAAATATGACAAAAGGTGAAAAACAATTACTCAAAAGCATAATATTTGAACAGAAAAAAACATATTCTTTAATAAGAAAAATATTAAGTAATTTTACATTAATAACAAATAAAATTCGTAGGGATTATAGTAATATACTTTCTAATATATCTTCT	AAAATGAATTTGAAGAACAGATGGATATAGGAAAAGTATCTTTTTTATATGAAAATAATAGAGAGTATGGAAAAAATTTTTATTTGGAAAAGCAAAAAATTATATGGAAAAGATGGATTGCAAGATATGTGAAACATATTGATGATTATATAATAGAAATATGGTTTAAAAGAATGA	TTTCATGATTTGGTATTTCCTTATATTTATATGTTAAATATTGTATGATTTTTTCTCTTTCTTGTGGTTTTGCTTGTAATTCTAATTGTAAATATTTTGTATTCCTTACAACTTCATCTTCCATAGTTAATTGTATATCATTAAATTTAATTCTCTTTTCAACTCTTTTTTTTAATTCAGCATTTTCTGCTTCGTCTTTACCTTCT	AAATGTACTAAAAAACAATATAAATAAAAATAACACAACACTCGAAAACGAATACTTCCACACATATCCAGCCCTCAAAGGAATCAGCGAAACACTAACAACCATTATTAGTGAAGGCAATAAAAATTTCGGAAATGCCAGAAATGTTATTAAAGAAGTTAAAAGCACAATAAAATATT	CTCCTCTCTCTCGGTCTTATTCTTCTTATTATTAATACTGTTGTTGTTGTGGTGGTGGTGGTGGTTTTTTTCGTTGTCTTTGTTATTTTTGTTGCCTTTGTTATTTTTGTTGTCTTTGTTATTTTTGTTGTCTTTGTTATTTTTGTTGTTTTTTTTATTGTTGCTGTCTTTCCTTAATCCTTCATATTTC	TTTTTTTAACGTTCAAAACCATTCCTCCTAGTTTAAACCAATTATTATTTGTCCATCCTTTTGTTCAAAATAATCACACGCAACATAATTACATAAATATAAATGTTCATAATATTGATCAGCTAAATATATACACGAATAATGAGTTGTATAGACAACAGCTTAACAAAAATATTCTAAATAATGTTATATTTGTTAATGCTCAAGAATT	ATATTATAAAATCTATTCATATTATTATTATTATTGTTGTTATTATTATTATTATCGTTATCATCGTCGTCGTCGTCATTATCTCCTTCATCATCATTATCGTCATCGTCATCACTTGATCTCTTTCTAAGCAATTCTTGAAAAGATAATTTAGCGTTGTTGTCTA	TTTTCTAATAAATACATCAAAATTCGAATGTATATTTGGATGTTCTTTTATGAAATCACATTGAAGATCATGTTTAATTTTACACCATGTTGACTTTCGGTGTTTTTCTGGTATATCATTTTGATGTGCCAATATTAAGGATACATTTTCTAAAGCTTCTATCAGATAATGAAAATTTTTTCTGCGATTTTCATTTAAATCATTAAATATATTGGTTAGTTCTTGT	CGGCGTAGAGGTGTTGATGTTAATATGGAGGAAGAAATAAATAAAATAATTTATACAAACGAATTTAATAATTATGAAGATAAAATATATGAAGATGTCAAATATATTAAAGAACAGGAAAATGAAATGTACTTGAGAGATGGAATTGAAGAGTTACATATGGATGAACCAAGTGGGGATGTATATTTTGATGATCAAGATGATTATATATTTTTAGATGAACAAAAA	ATTTATATAATAATAAACTTTTAAATATAAATTCATCATCTTCTACAAATAAAATAAACAAAACCAGCAAACTTATACATAAATTTAAAAAAACAAAAACTATATATAGTAAGGATGTTAGAAATATGGAAAAGCTTAAAATTATATGTGAAGATAATGAACATGATTTTGATACACCTGTATGTATTAATCAAAATGATAACACATATAACAAAAAA	AGACAAATATAAGAAACATCCCAGGAACCATACTTTTGTTTAATTAATTCTAAGAATCCTGATGTAGCTAAATTATAGATCGTATTATAATTGCCTGTATATATACATATAATAAAAAACTTTAAAACTAAGGGAACTAAATCAGTATGAATGGCCTGGGGACATTGAATTTGAATAAAATAGAAAAAATTATA	CGACGTAGAGGTGTTGATGTTAATATGGAGGATGAAATAAATAAAATAATTTATACAAACGAATTTAATAATTATGAAGATAAAATATATGAAGATGTCAAATATATTAAAGAACAGGAAAATGAAATATACTTGAGAGATGGAATTGAAGAGTTACATATGGATGAACCAAGTCGGGATGTATATTTTGATGATGAAAATGATTATATATTTTTAGATGAACAAAAA	ATTATTTAGGTTGGTTAGAATGGAGTGATCTTTTAGAGAAGCATATAGAGGTGTTAAATAAGAAGCATATTATAGAAAGTTTAGATGAATTAGAATTGTATTTAAAGGAAAATAAAAATAAGAATAAAAATTTTATTAACAATGATGATGAAAA	TTAATAACCATCAAATACAAACTCAACCAACAAATACAGTACAATATATTCAACCAAATTATGAACAAGTCATAACACAAGTAGATCAAAATCGTAATCTATTCAATCAACAGCTTGTAGGAAGTACAGTAATGCAAAATATGACACCACAAGGTGTAAACACGTTAAATTATCCTGCAACGATCAATACTGTATGTGTTCCACAAACAATTTCTAATACTAATAATACAACAT	CTGTATCATATTATTAGATATAGTTATTTTATTATTATTTTCTACATTATTATTCAATATATTACATCCTGTTATGGAATTATTGTTAAAATATAAATTATTCGAATTGTTATTATTAAATTCTAATCCACTAACTGCTGTTGTATATAATGATGATGAGTTATTATTATAGAAATCTACATTTGATGTTATTCTTTGCATAT	ACAAAAGGAAAAATAAGAGAATTATATAATAACTTTAAAAATACATTAAATAAATTATGTCATGAAATATTTTTTAATTCTTTTCAGACCATGTTTTCTTATTTTATTACTACGTCTTTTTTTATAATAATTAATTTATATGTTAGCAATGTATGCACATA	TTTTACTTTTGCTACCATCAGGCATAATATAAACACCAGTACCATTTTTTTCTGATAAATTAATATTTTTTTGTATAACATCATATTTATCCCTTTTCGTGGTAAGTGCAGTATCCTGTTTTATTATTATATTATCGAATTCATCATGGTGTATATTTCTTTCATTAA	AGACAAATATAAGAAACATCCCAGGAACCATACTTTTGTTTAATTAATTCTAAGAATCCTGATGTAGCTAAATTATAGATCATATTATAATTGCCTGTATATATACATATAATAAAAAACTTTAAAACTAAGGGAACTAAATCGGTATGAATGGCCTGGGGACATTGAATTTGAATAAAATAGAAAAAATTATA	TTGTATCATATTATTAGATATAGTTATTTTATTATTATTTTCTACATTGTTATTCAATATATTACATCCTGTTATGGAATTATTGTTAAAATATAAATTATTCGAATTGTTATTATTAAATTCTAATCCACTAACTGCTGTTGTATATAATGATGATGAGTTATTATTATAGAAATCTACATTTGATGTTATTCTTTGCATAT	TCAGTCAAAGCGCTCAATTATTTATTAATAGTTTT	AGTCTTAGCAGAAAACATATATCTACAACATGTAATGCTTCATCAGGTAATGTCTTCTTAAGAAAAGGAAACAAACCATTTGAACATTTTAATAGTCCTAATTTCGAAAATATGATGAAAGGAATTTTTGGAATTATTCAAAATCCTTTTGAAAATGGCCAACCCACTTTCCCATTCTTTAAAAATATTAAT	TTGTGGATTTGTAACTTGTAAAGCTGATAAATTGGTTTTAGAATATTTCATTTTTAATTTGTTTTCTTCCATTTCTTTTAATTCTTGTAATTTCATTTTTTCATATATCAAAACATATTTCGTGGAGAAGTTATTAACTAATTCATTTTCTTCTGACAAAATATTAGTATCATTAGTTGGTACTAATTGATCATTAATTAATGCCTTCTTACAATAAGCTTTTGCA	TTTCATCCAGTTTTTTAAAAAGATTATTCGCTAGAAAAATAAATAAATAAATAAATATATATATATATATATATATATTTTATATATTATTTATTTTATTACATAGGTTAAACTCTATTAATTTGGTATTATATGATTTAATATCCTGATTCCCCCCATAAATATAAATTATATGCTTATCTATAAGACATGAATGACCAAAACGAACATTAAATA	CTCCTCTCTCTCGGTCTTATTCTTCTTATTATTAATACTGTTGTTGTTGTTGTGGTGGTGGTGGTTTTTTTCGTTGTCTTTGTTATTTTTGTTGTCTTTGTTATTTTTGTTGTCTTTGTTATTTTTGTTGTTTTTTTTATTGTTGCTGTCTTTCCTTAATCCTTTATATTTC	ATAAAAAAGAAAAAATTATTGTCAAAAGTTTTCATAGATATATATATGATGGTATTAGAAGATTTTAAAGAAGAAGAATGTAAAAAAAATAAAGAAATATTTCTTGATACTTATATAGATGAACTAAAAAAAGATTCACAAAGTGAAAAAAATAAAAGCATGTTAAATATATTAGATGAAATAAAAAGTGATATTCATATAGGATATCAAAAAGAAAATA	ATATTGTTAAAACATTCAAACAGCTTACAACTTATCTTATCAAATCAACAAAATAGATTAATGAGCAATTCTAACTTATCCTTTTATGTGAACAAATTAAATATTGTAAATGATTTCTTTTTTGGAACACACCATAAAGATACACATCAAGACAGTCAAA	TTTCTTCACCTTGGTTTATTACATTATTATTTTCATCATTGTGTTGAATGTCTTTATAAATATGTTCATTAATAATATCTTTGGAAGTATCTTCCATATTTTCTTCTTTATCAATTTTAAATACTTTTTCATAACTTTCATTTTCTTTTTTCTCCTTGGATGTTTCTAATTTATTCTCGTCATTTTTATCAAAATTATTTTTATAACTT	TATATTTTCTTGATTTAATTTATTTGGTTCATTTGATTGTAACGATTGGCTTTTTGATGATTTTTGTTGATTCTCCGAATTTTCTTCAGAATTTCCTTTTATTTGTTTCCATGTAGAAGTAAAAAATCCTTTTCCTTTAAATTTATTACTATTCTTATTGTTTAAAAAATCATTAT	CGGCGTAGAGGTGTTGATGTTAATATGGAGGAAGAAATAAATAAAATAATTTATACAAACGAATTTAATAATTATGAAGATAAAATATATGAAGATGTCAAATATATTAAAGAACAGGAAAATGAAATATACTTGAGAGATGGAATTGAAGAGTTACATATGGATGAACCAAGTCGGGATGTATATTTTGATGATGAAAATGATTATATATTTTTAGATGAACAAAAA	AGACAAATATAAGAAACATCCCAGGAACCATACTTTTGTTTAATTAATTCTAAGAATCCTGATGTAGCTAAATTATAGATCGTATTATAATTGCCTGTATATATACATATAATAAAAAACTTTAAAACTAAGGCAACTAAATCGGTATGAATGGCCTGGGGACATTGAATTTGAATAAAATAGAAAAAATTATA	TATATTTTCTTGATTTAATTTATTTGGTTCATTTGATTGTAACGATTGGCTTTTTGATGATTTTTGTTGATTCTCCGAATTTTCTTCAGAATTTCCTTTTATTTGTTTCCATGTAAAAGTAAAAAATCCTTGTCCTTTAATTTTATTACTATTCTTATTGTTTAAAAAATCATTAT	TTTTCTAATAAATACATCAAAATTCGAATGTATATTTGGATGTTCTTTTATGAAATCACATTGAAGATCATGTTTAATTTTACACCATGTTGACTTTCGGTGTTTTTCTGGTATATCATTTTGATGTGCCAATATTAAGGATACATTTTCTAAAGCTTCTAACAGATAATGAAAATTTTTTCTGCGATTTTCATTTAAATCATTAAATATATTGGTTAGTTCTTGT	AAAATGAATTCGAAGAACAGATGGATATAGGAAAAGTATCTTTTTTATATGAAAATAATAGAGAGTATGGAAAAAATTTTTATTTGGAAAAGCAAAAAATTATATGGAAAAGATGGATTGCAAGATATGTGAAACATATTGATGATTATATAATAGAAATATGGTTTAAAAGAATGA	TTTTAATTTATACCTATTGGAACATTTTTTATTAGGTCTTTCTTTATGATTCTTCTTTAAAATAGGTTCATCATTATTTGAGTAAACTAACAGATTATTATCGTTCTCAAAATTATTATAACCATCAATATTTTTATTTCCATATACATCTATAATACTACTAAAATGTGGCATCATGTTTAATTTTTTA	TTTGTATATCTTGCTTATCCTTATCTAATTGTCCAAGAGCATCTAATTCATCATCTACATTTATTTTATTGTCTTGAGAATATTCTTCAATTTTGTCTTCGAAACTGTTATATAATCTATTTATAATTGGTTGTGCTATATTCTTTGATTGTTCATCAAGTTTCTGAGTAGCTTCTAATGTTCTTTGTTTCCATTTGTTTAAATTTTTTCGTATAAAT	TTTCTTCACCTTGGTTTATTACATTATTATTTTCATCATTGTGTTGAATGTCCTTATAAATATGTTCATTAATAATATCTTTGGAAGTATCTTCCATATTTTCTTCTTTATCAATTTTAAATACTTTTTCATAACTTTCATTTTCTTTTTTCTCCTTGGATGTTTCTAATTTATTCAAGTCATTTTTATCAAAATTATTTTTATAACTT	CTCCTCTCTCTCGGTCTTATTCTTCTTATTATTAATACTGTTGTTGTTGTTGTGGTGGTGGTGGTTTTTTTCGTTGTCTTTGTTATTTTTGTTGTTTTTTTTATTGTTGCTGTCTTTCCTTAATCCTTCATATTTC	AGAATCCTATGCTCCTTTTGTTATACCTAATCCAAAAATTA	TTTTATTAGATTTGAAAAGAAGAAGTCTTATTCGAAATATGACAAAAGGTGAAAAACAATTACTCAAAAGCATAATATTTGAACAGAAAAAAAACATATTCTTTAATAAGAAAAATATTAAGTAATTTTACATTAATAATAAATAAAATTCGTAGGGATTATAGTAATATACTTTTTAATATATCTTCT	CGACGTAGAGGTGTTGATGTTAATATGGAGGAAGAAATAAATAAAATAATTTATACAAACGAATTTAATAATTATGAAGATAAAATATATGAAGATGTCAAATATATTAAAGAACAGGAAAATGAAATATACTTGAGAGATGGAATTGAAGAGTTACATATGGATGAACCAAGTCGGGATGTATATTTTGATGATGAAAATGATTATATATTTTTAGATGAACAAAAA	CTCTAGCATTGTGGGGGTTCATTTTTGAACATTTTTTTCTTTTTATAAATGAATCATATGAATATTTATTATCATCTTCTTCTCTTCCTCTTTTTCTTTTCATCTTATGAACTTTGCTACTTCGTTTTTGAAATAGTTTATTGAATTTTTGTAAAAGTTGTAATATTTCCTTTTGTTCATATGATGTTTTTTCTACTTCATTTTGTTCATATGATGT	CCCCTCTCTCTCGGTCTTATTCTTCTTATTATTAATACTGTTGTTGTTGTGGTGGTGGTGGTGGTTTTTTTCGTTGTCTTTGTTATTTTTGTTGCCTTTGTTATTTTTGTTGTCTTTGTTATTTTTGTTGTTTTTTTTATTGTTGCTGTCTTTCCTTAATCCTTCATATTTC	CTCTAGCATTGTGGGGGTTCATTTTTGAACATTTTTTTCTTTTATTTTCTACTTCGTTTTTTTCACATCCTTTATTTTCTACTTCGTTTTTTTCACATCCTTTATTTTCACATCCTTTATTTTCACATCCTTTTTTTTCTACTTCTTTTTTTTCACATCCTTT	TTCTTCACTTCAACATAATATTTATTAAATTCTAAATATGGATGATTTACATACATGGTATATTCTCCTTCTTTTACATTCTTAAAAAGAAATTTACCATCACTCTTTGGATTTACATAAGTATCTGAATCTAAATATATTGTACAATTAAATA	TATATTGACATAATCTATTAATAGGAGACAGAATTTGATTCCTTATATAATATTCTTTATCTATTTTTAAATTGTATTTCTTTATTTACACAAATATTGTATCCGTCTTTTATCATCC	AAAACCTTAGCATTTGCTTTACCCTTGGTTGAAAAATTGTATAAAATGAAAACATCCAATGAAAAATATATATGACGATGTTGATAATGATAATAATTATGATAATTTTTCATATGGTAAAAAATATCAAAATCGAGAACATAATAAAGATCCATCCATATTAGTAT	ATTTTTATTTTCCAATTCTTTGCTAACTTGTTCAGGTATCTTTATATTCCCAACTGAATGTACATAACTAACAATAGAACAATTATAAGATTTATAAAGCCATTGTTCAATACACGCCCCAGCAGCAACTCTTGTGGCTGTTTCT	CCCCTCTCTCTCGGTCTTATTCTTCTTATTATTAATACTGTTGTTGTTGTGGTGGTGGTGGTGGTTTTTTTCGTTGTCTTTGTTATTTTTGTTGCCTTTCCTTAATCCTTCATATTTC	TTTCTTCACCTTGGTTTATTACATTATTATTTTCATCATTGTGTTGAATGTCTTTATAAATATGTTCATTAATAATATCTTTGGAAGTATCTTCCATATTTTCTTCTTTATCAATTTTAAATACTTTTTCATAACTT	AACTGGGAAAGCATTCCAAAAAAATTTAAACCTTTAAGCAATAAGATAAATGTTATATTGTCTAGAACCTTAAAAAAAGAAGATTTTGATGAAGATGTTTATATCATTAACAAAGTTGAAGATCTAATAGTTTTACTTGGGAAATTAAATTACTATAAATGTTTTATTAT	ATGGATAAACTAACAAATTATGATAATCTAGTTTATGATATAAAAAATTATTTAGAACAAAGATTAAATTTTCTTGTATTAAATGGAATACCTCGTTATAGGATACTATTTGATATTGGATTAGGATTTGGGAAGAAACATGATCAATCTATTAAACTCTTACAAAATATACATGTATATGATGAGTATCCACTTTTTATTGGATATTCAAGAAAAAGATTTATTG	TTTCTAATATGTGTATATCTTGTTTATTTAATGAATCATCCTTTTTACCATTTAAATTTATGTCCACATAATTGGATCCATTATCATATATAAAATGTACCTTATCAGGAACCGTCACCTGAAATAAGGACGAATTTAAAATATACTTAACTAGATGATTATGGTATATATTATTA	TAATTTTTTTTTCTCCACTTTGTAATTTTTATTGTTGAATATATATATAAAGTTAAACCTATAAATAATACACTACCTAATAAACTATTCTTATATTTAAAAATAAATATAACACATGTTATTAATCCTTCTATTGTTGCCGGAATAATATACATTAAAACAGAACTCATCAAATTATT	ATTTGGTAAAGGTATAATTATTGAGAATTCAAATACTACTTTTTTAAAACCGGTAGCTACGGGAAATCAAGATTTAAAAGATGGAGGTTTTGCTTTTCCTCCAACAGAACCTCTTATATCACCAATGACATTAGATCAAATGAGACATTTTTATAAAGATAATGAATATGTAAAAAATTTAGATGAATTGACTTTA	CATTTTGTATAAAAAAAATTATCTTTTTTTATGTCATATGTGTACAAATATTCCATTTTTTTACAAACCACGGTTGAACTTAAATTTGGCATACCAATCATATCATCACTATTAACACTATTATCCTTATTATTATTATTATATTCGTTATATTGTGTATAATTATCCTTA	TCTAATATGTGTATATCTTGTTTATTTAATGAATCATCCTTTTTACCATTTAAATTTATGTCCACATAATTGGATCCATTATCATATATAAAATGTACCTTATCAGGAACCGTCACCTGAAATAAGGACGAATTTAAAATATACTTAACTAGATGATTATGGTATATATTATTA	ATGGATAAGCTAACAAATTATGATAATCTAGTTTATGATATAAAAAATTATTTAGAACAAAGATTAAATTTTCTTGTATTAAATGGAATACCTCGTTATAGGATACTATTTGATATTGGATTAGGATTTGCGAAGAAACATGATCAATCTATTAAACTCTTACAAAATATACATGTATATGATGAGTATCCACTTTTTATTGGATATTCAAGAAAAAGATTTATTG	TTAATAACCATCAAATACAAACTCAACCAACAAATACAGTACAATATATTCAACCAAATTATGAACAAGTCATAACACAAGTAGATCAATACTGTATGTGTTCCACAAACAATTTCTAATACTAATAATAGAACAT	ATGGATAAACTAACAAATTATGATAATCTAGTTTATGATATAAAAAATTATTTAGAACAAAGATTAAATTTTCTTGTATTAAATGGAATACCTCGTTATAGGATACTATTTGATATTGGATTAGGATTTGCGAAGAAACATGATCAATCTATTAAACTCTTACAAAATATACATGTATATGATGAGTATCCACTTTTTATTGGATATTCAAGAAAAAGATTTATTT	CTCTAGCATTGTGGGGGTTCATTTTTGAACATTTTTTTCACATCCTTTATTTTCACATCCTTTATTTTCACATCCTTTATTTTCACATCCTTTTTTTTCTACTTCTTTTTTTTCACATCCTTT	TTTTTCTTTTAGATTTTTTCTTTTTAGGTTTTTCTTTATCTAATTGATCAAGTTTTAGAGAAGATTTATAAAATTCTTCCATTTCTTTGTATGTATTATCTGTTGTTTTATCTTCACCTTGATTTCCTGTACTTGTAGATTCAGTAGATGGACCTTCAGAACCTGATAATTCATT	CGACAAATATAAGAAACATCCCAGGAACCATACTTTTGTTTAATTAATTCTAAGAATCCTGATGTAGCTAAATTATAGATCGTATTATAATTGCCTGTATATATACATATAATAAAAAACTTTAAAACTAAGGGAACTAAATCAGTATGAATGGCCTGGGGACATTGAATTTGAATAAAATAGAAAAAATTATA	CATTTTGTATAAAAAAAATTATCTTTTTTTATGTCATATGTGTACAAATATTCCATTTTTTTACAAACCACGGTTGAACTTAAATTTGGCATACCAATCATATCATCACTATTAACACTATTATCCTTATTATTATTATTATTATTATTATATTCGTTATATTGTGTATAATTATCCTTA	TATATTTTCTTGATTTAATTTATTTGTTTCCATGTAGAAGTAAAAAATCCTTGTCCTTTAATTTTATTACTATTCTTATTGTTTAAAAAATCATTAT	TCTAATATGTGTATATCTTGTTTATTTAATGAATCATCCTTTTTACCATTTAAATTTATGTCCACATAATTGGATTCATTATCATATATAAAATGTACCTTATCAGGAACCGTCACCTGAAATAAGGACGAATTTAAAATATACTTAACTAGATGATTATGGTATATATTATTA	ATATTATAAAATCTATTCATATTATTATTATTATTGTTGTTATTATTATTATTATCGTTATCATCGTCGTCGTCGTCACTTGATCTCTTTCTAAGCAATTCTTGAAAAGATAATTTAGCCTTGTTGTCTA	CTCTAGCATTGTGGGGGTTCATTTTTGAACATTTTTTTCTTTTTATAAATGAATCAGATGAATATTTATTATCATCTTCTTCTCTTCCTCTTTTTCTTTTCATCATATGAACTTTGCTACTTCGTTTTTGAAATAGTTTATTGAATTTTTGTAAAAGTTGTAATATTTCCTTTTGTTCATATGATGT	TATATTGACATAATCTATTAATAGGAGACAGAATTTGATTCCTTATATAATATTCTTTATCTATTTTTAAATTATATTTCTTTATTTACACAAATATTGTATCCGTCTTTTATCATCC	CTCCTCTCTCTCGGTCTTATTCTTCTTATTATTAATACTGTTGTTGTTGTTGTGGTGGTGGTGGTAAATTATCTTCAAAAATTGCTGACGAATTATGTGTTTTGTTAAATGTTGATTTTTTTTATTGTTGCTGTCTTTCCTTAATCCTTCATATTTC	CTCTAGCATTGTGGGGGTTCATTTTTGAACATTTTTTTCTTTTTATAAATGAATCAGATGAATATTTATTATCATCTTCTTCTCTTCCTCTTTTTCTACTTCTTTTTTTTCACATCCTTTTTTTTCTACTTCGTTTTTTTCACATCCTTT	TTAATAACCATCAAATACAAACTCAACCAACAAATACAGTACAATATATTCAACCAAATTATGAACAAGTCATAACACAAGTAGATCAAAATGGTAATCTATTCAATCAACAGCTTGTAGGAAGTACAGTAATGCAAAATATGACACCACAAGGTGTAAACACGTTAAATTATCCTGCAACGATCAATACTGTATGTGTTCCACAAACAATTTCTAATACTAATAATACAACAT	TTTCTTCACCTTGGTTTATTACATTATTATTTTCATCATTGTGTTGAATGTCTTTATAAATTTTAAATACTTTTTCATAACTTTCATTTTCTTTTTTCTCCTTGGATGTTTCTAATTTATTCAAGTCATTTTTATCAAAATTATTTTTATAACTT	TTTTTAGGAAATTGTTAACTCATGTTAAAGAAGTTAAAGAATCAAAAGAGATAGAAAATAAGGGAGAGTATTTAATTCTAGGAAATGATAAAATTGAAATAATGGAT	GGAAAAGATTCTGCTGACAAAATGCCTTTAGAAACTCAGCTAGCTATAGAAGAAATCAAGAGCTTATCCAATATGTTAGATAAAAAAACGACAGTTAACAGAAACTTAATCATAAGT	CTCTAGCATTGTGGGGGTTCATTTTTGAACATCCTTTATTTTCACATCCTTTATTTTCACATCCTTTTTTTTCTACTTCTTTTTTTTCACATCCTTT	CTCTAGCATTGTGGGGGTTCATTTTTGAACATTTTTTTCTTTTTATAAATGAATCAGATGAATATTTATTATCATCTTCTTCTCTTCCTCTTTTTCTTTTCATCTTATGAACTTTGCTACTTCGTTTTTGAAATAGTTTATTGAATTTTTGTAAAAGTTGTAATATTTCCTTTTGTTCATATGATGT	TTAATAACCATCAAATACAAACTCAACCAACAAATACAGTACAATATATTCAACCAAATTATGAACAAGTCATAACACAAGTAGATCGAAATGGTAATCTATTCAATCAACAGCTTGTAGGAAGTACAGTAATGCAAAATATGACACCACAAGGTGTAAACACGTTAAATTATCCTGCAACGATCAATACTGTATGTGTTCCACAAACAATTTCTAATACTAATAATAGAACAT	TTTTAATTTATACCTATTGGAACAAATTATATTATTCTTGATGATTACAAAGAAATAAATAAAAATGATTTAACAAAAAATGGTTTTTTATTAAAATTACAAAATTCTTTAAATAAAAGGGACATGGTGAATTCTAAAAGAGTTAACCAAGATATTATATTAAGAAATCAATATTTTTATTTCCATATACATCTATAATACTACTAAAATGTGGCATCATGTTTAATTTTTTA	TTGTGGATTTGTAACTTGTAATTTCATTTTTTCATATATCAAAACATATTTCGTAGAGAAGTTATTAACTAATTCATTTTCTTCTGACAAAATATTAGTATCATTAGTTGGTACTAATTGATCATTAATTAATGCCTTCTTACAATAAGCTTTTGCA	AAAGGATAATAATAAAAAGAAAAAAAAAAATATGACAAATACATTTGAACAAGATAATAATTATAATATGAATGATAATAAAAGGTTAGGTAGCTTTTTTAAAATAAATGATAAATGTGAATCTATTAATGAGAATGTTAATAATATTAATAAACAGTCTCTTAAGGATTCTATACTATTTGACAATATAAATGAGAAAGAATATTTTAA
G4G3773_S91	660	586	616	523	493	348	361	456	341	270	542	267	832	116	239	301	321	406	0	176	205	0	0	0	0	311	0	0	196	313	0	0	0	0	0	80	72	0	73	124	75	92	89	0	74	54	152	0	0	177	40	32	54	95	48	39	10	32	0	0	0	15	0	19	0	46	11	0	37	0	0	0	17	0	0	0	0	12	0	25	9	9	11	0	0	0	0	14	9	0	0	6	15	5	0	0	0	0	0	0	0	0	0	19	0	3	0	0	6	0	0	0	0	0	0	0	0	0	0	0	0	0	0	0	0	0	0	0	0	0	0	0	0	0	0	0	0	0	0	0	0	0	0	0	10	0	0	0	0	0	0	0	0	0	0	0	0	0	0	0	0	0	0	0	0	0	0	0	0	0	0	0	0	0
G7B944_S49	4097	2142	2436	1718	2202	1498	1606	1971	1231	1364	2181	927	0	407	1051	854	1495	0	1225	582	648	693	602	587	0	1452	0	2983	667	0	0	0	4	1140	0	0	494	0	356	597	248	356	219	0	274	232	0	0	0	0	149	91	217	478	158	139	62	109	0	0	160	44	0	59	0	154	75	73	0	0	42	0	57	465	139	0	0	35	0	66	22	30	52	0	41	0	34	21	29	0	0	18	38	0	0	0	0	0	0	0	0	10	0	0	0	18	0	0	9	9	0	0	0	0	0	0	0	0	5	0	0	0	0	0	0	0	17	0	0	0	0	0	0	0	0	0	0	0	0	0	0	0	0	0	0	0	0	0	0	0	0	0	0	0	0	0	0	0	0	0	0	0	0	0	0	0	0	0	0	0	0	0	0	0
G7B926_S74	237	105	203	87	143	43	23	90	17	31	92	48	132	192	87	75	0	14	115	31	22	0	0	0	0	77	0	0	40	0	0	113	0	0	0	23	0	0	19	15	11	18	18	0	20	10	4	0	0	27	6	10	4	13	4	15	9	0	0	0	0	0	0	0	0	0	0	0	0	0	0	0	0	0	0	0	0	0	0	0	0	0	4	0	0	0	0	0	0	0	0	0	0	0	0	0	0	0	0	0	0	0	0	0	0	0	0	0	0	0	0	0	0	0	0	0	0	0	0	0	0	0	0	0	0	0	0	0	0	0	0	0	0	0	0	0	0	0	0	0	0	0	0	0	0	0	0	0	0	0	0	0	0	0	0	0	0	0	0	0	0	0	0	0	0	0	0	0	0	0	0	0	0	0
G4G3715_S25	107	1337	1755	1303	1416	844	1168	1302	718	828	1059	1003	0	308	745	618	1229	0	663	263	522	381	352	0	711	0	146	0	312	0	1620	0	22	490	2039	210	174	0	134	288	178	227	104	0	243	97	0	0	0	248	100	59	0	269	81	84	33	60	111	0	0	26	74	44	0	0	20	42	71	40	31	0	34	0	0	0	0	21	0	0	21	18	22	0	0	0	19	15	14	0	0	7	0	13	0	6	0	0	31	0	0	0	0	0	0	7	0	0	7	0	0	0	0	0	0	0	0	0	0	0	37	0	0	0	0	0	0	0	0	0	0	0	0	0	0	0	0	0	0	0	0	0	0	0	0	0	0	0	0	0	0	0	0	0	0	0	0	0	0	0	0	0	0	0	0	0	0	0	0	0	0	0	0	0
G7B969_S75	1050	509	535	337	484	377	248	92	124	152	296	149	0	490	170	336	276	0	234	67	118	202	0	49	0	43	0	559	263	0	0	0	0	237	0	24	74	0	138	0	50	81	105	109	0	56	0	172	0	0	38	21	28	0	20	99	64	17	0	0	0	9	31	9	0	0	16	8	16	10	12	0	4	0	0	38	0	4	0	0	0	0	0	0	0	0	0	0	0	0	0	0	0	0	0	0	0	0	0	0	0	0	0	0	0	0	0	0	0	0	0	0	0	0	7	0	0	0	0	0	0	0	0	0	0	0	0	0	0	0	0	0	0	0	0	0	0	0	0	0	0	0	0	0	0	0	0	0	0	0	0	0	0	0	0	0	0	0	0	0	0	0	0	0	0	0	0	0	0	0	0	0	0	0
G4G3775_S20	989	269	769	0	33	300	0	42	10	43	27	75	0	63	104	189	39	0	0	12	0	0	0	0	0	43	0	0	15	0	0	0	37	0	0	0	0	0	16	0	137	31	76	0	0	0	32	0	0	0	0	0	8	0	5	29	15	11	0	0	0	9	0	0	0	40	6	85	37	0	7	0	0	0	0	0	0	10	0	0	0	0	0	0	0	0	0	0	0	0	0	0	0	0	0	0	0	0	0	0	0	0	0	0	0	0	12	0	0	0	0	0	0	0	0	0	0	0	0	0	0	0	0	83	0	0	0	0	0	0	0	0	0	0	0	0	0	0	0	0	0	0	0	0	0	0	15	0	0	0	0	0	0	0	0	0	0	0	0	0	0	0	0	0	0	0	0	0	0	0	0	0	0	0
G7B952_S5	1106	1247	1263	1252	945	766	879	743	775	473	1116	392	0	155	369	412	593	0	524	315	333	408	414	511	0	669	0	1719	386	0	0	0	0	561	0	0	192	0	78	217	101	137	88	0	132	106	0	0	0	0	108	44	92	233	76	56	17	32	0	0	77	17	0	41	0	71	50	32	0	0	17	0	39	148	0	0	0	15	0	50	12	17	0	0	0	0	11	14	9	0	0	11	16	8	0	0	0	0	0	0	0	0	0	0	0	20	0	0	3	2	0	0	0	0	0	0	0	0	4	0	0	0	0	0	0	0	8	0	0	0	0	0	0	0	0	0	0	0	0	0	0	0	0	0	0	0	0	0	0	0	0	0	0	0	0	0	0	0	0	0	0	0	0	0	0	0	0	0	0	0	0	0	0	0
G7B957_S53	516	1241	724	437	767	985	673	586	270	321	0	371	307	144	347	455	557	323	232	89	150	204	0	95	0	269	569	0	193	0	0	0	0	0	0	0	74	0	57	0	50	75	114	128	139	124	0	110	0	0	44	54	0	0	19	59	12	23	54	0	30	7	37	17	0	0	15	19	0	0	25	0	22	74	0	0	0	11	0	8	9	10	17	0	0	0	4	7	0	0	0	4	0	10	0	0	0	0	0	0	0	4	0	0	0	0	0	0	0	0	0	0	0	0	0	0	0	0	0	0	0	0	5	0	0	0	0	0	0	0	0	0	0	0	0	0	0	0	0	0	0	0	0	0	0	0	0	0	0	0	0	0	0	0	0	0	0	0	0	0	0	0	0	0	0	0	0	0	0	0	0	0	0	0
G7B964_S28	0	209	417	133	261	248	131	116	109	58	111	97	0	17	195	114	0	85	0	31	129	0	0	15	0	89	0	128	92	97	0	202	0	0	38	17	42	0	0	27	31	33	34	41	0	29	26	0	0	0	30	3	6	0	6	10	4	9	0	0	0	5	10	21	0	0	9	13	12	13	3	0	0	0	0	0	0	5	0	0	0	3	3	0	0	4	0	3	4	0	0	0	5	0	0	0	0	0	0	0	0	0	0	0	0	0	0	0	0	0	0	0	0	0	0	0	0	0	0	0	0	0	0	0	0	0	0	0	0	0	0	0	0	0	0	0	0	0	0	0	0	0	0	0	0	0	0	0	0	0	0	0	0	0	0	0	0	0	0	0	0	0	0	0	0	0	0	0	0	0	0	0	0	0
G4G3763_S7	0	0	0	0	0	0	0	0	0	0	0	0	0	0	0	0	0	0	0	0	0	0	0	0	0	0	0	0	0	0	0	0	0	0	0	0	0	0	0	0	0	0	0	0	0	0	0	0	0	0	0	0	0	0	0	0	0	0	0	0	0	0	0	0	0	0	0	0	0	0	0	0	0	0	0	0	0	0	0	0	0	0	0	0	0	0	0	0	0	0	0	0	0	0	0	0	0	0	0	0	0	0	0	0	0	0	0	0	0	0	0	0	0	0	0	0	0	0	0	0	0	0	0	0	0	0	0	0	0	0	0	0	0	0	0	0	0	0	0	0	0	0	0	0	0	0	0	0	0	0	0	0	0	0	0	0	0	0	0	0	0	0	0	0	0	0	0	0	0	0	0	0	0	0
G7B930_S88	451	126	255	140	269	244	163	187	87	92	0	134	338	49	129	86	212	0	0	36	31	38	0	34	0	99	147	0	74	138	0	0	77	0	0	39	51	0	21	62	23	26	0	40	25	23	0	0	0	0	26	7	0	0	12	19	4	10	30	0	0	7	15	6	0	0	6	10	12	0	0	0	0	0	0	0	0	3	0	8	0	11	0	0	0	4	0	0	0	0	0	0	0	0	0	0	0	0	0	0	0	0	0	0	0	0	0	0	0	0	0	0	0	0	0	0	0	0	0	0	0	0	0	0	0	0	0	0	0	0	0	0	0	0	0	0	0	0	0	0	0	0	0	0	0	0	0	0	0	0	0	0	0	0	0	0	0	0	0	0	0	0	0	0	0	0	0	0	0	0	0	0	0	0
G4G3817_S18	5930	4480	3509	3639	1837	1917	2066	2331	1830	1601	2583	1441	0	656	1131	1254	0	0	0	963	1078	1035	982	1468	1463	0	0	0	848	1818	0	1660	930	1701	0	632	489	3380	373	0	310	0	229	524	296	383	0	601	0	0	301	191	296	0	247	145	87	172	0	0	264	92	0	123	136	193	112	74	0	0	90	394	122	0	0	0	0	52	0	138	50	66	0	0	50	0	0	25	30	0	83	27	30	21	0	13	0	0	0	0	0	11	15	0	0	0	45	0	17	7	0	0	0	0	0	0	0	0	6	0	0	0	0	0	0	0	0	0	0	0	0	0	0	0	0	0	0	0	0	0	0	0	0	0	0	0	0	0	0	0	0	0	0	0	0	0	0	0	0	0	0	0	0	0	0	0	0	0	0	0	0	0	0	0
G1M034_S46	4470	1564	1729	2093	1257	853	1108	1533	842	1083	0	493	2954	418	550	589	984	1277	1043	419	636	645	443	1061	1860	0	1353	0	369	0	0	0	475	0	0	359	444	0	248	391	150	169	142	0	176	257	0	0	0	0	114	123	211	254	115	53	78	75	0	0	129	62	104	65	0	0	48	61	0	0	42	0	0	0	0	0	0	33	0	90	38	34	60	0	34	98	9	13	15	0	0	29	30	13	0	15	0	0	0	0	0	0	0	0	0	0	0	0	0	0	0	0	0	0	0	0	0	0	6	0	0	0	19	0	0	8	0	0	0	0	0	0	0	0	0	0	0	0	0	0	0	0	0	0	0	0	0	0	0	0	0	0	0	0	0	0	0	0	0	0	0	0	0	0	0	0	0	0	0	0	0	0	0	0
G7B977_S80	0	149	401	28	122	86	31	96	22	9	47	28	93	63	33	77	349	0	28	27	39	24	0	9	268	0	0	0	9	0	0	0	0	33	277	8	6	0	16	0	13	13	12	0	7	5	0	3	0	0	4	0	0	6	19	7	0	6	0	0	0	3	5	0	0	0	8	16	0	0	7	0	0	0	0	0	0	3	0	0	0	0	2	0	0	0	0	3	0	0	0	0	0	0	0	0	0	0	0	0	0	0	0	0	0	0	0	0	0	0	0	0	0	0	0	0	0	0	0	0	0	0	0	0	0	0	0	0	0	0	0	0	0	0	0	0	0	0	0	0	0	0	0	0	0	0	0	0	0	0	0	0	0	0	0	0	0	0	0	0	0	0	0	0	0	0	0	0	0	0	0	0	0	0
G7B927_S50	2814	1853	2115	1780	2250	1475	1539	2016	1169	1148	2066	1228	0	390	1039	809	0	0	1154	641	680	593	678	658	0	1413	0	2294	657	0	0	1615	0	1006	0	306	549	0	255	452	304	311	206	364	0	236	0	0	0	0	147	123	0	0	151	112	46	118	173	0	0	41	28	46	0	0	58	0	131	66	51	0	46	0	0	273	0	24	0	0	39	43	50	0	33	0	12	25	25	0	0	18	14	22	0	12	0	100	0	0	0	0	14	68	0	0	0	0	6	6	0	0	0	0	0	0	0	0	5	0	0	0	0	0	0	0	0	0	0	17	0	0	0	0	0	0	0	0	0	0	0	0	0	0	0	0	0	0	0	0	0	0	0	8	0	0	0	0	0	0	0	0	0	0	0	0	0	0	0	0	0	0	0	0
G4G3887_S11	0	3171	2147	2153	1397	1474	1550	1912	1387	1236	2785	1039	0	429	789	976	1115	0	1189	762	825	1057	922	0	1584	0	0	0	492	0	3691	0	0	839	4863	469	397	0	226	458	306	324	165	0	286	234	0	0	0	1149	208	101	0	470	199	120	64	129	249	0	0	71	161	49	0	0	68	62	130	125	49	0	79	0	0	0	140	44	0	0	44	16	35	0	41	0	31	34	29	0	0	18	0	14	0	16	0	0	0	0	0	7	0	0	0	30	0	0	7	8	0	0	0	0	0	0	10	0	6	0	0	0	0	0	0	0	0	0	0	0	0	0	0	0	0	0	0	0	0	0	0	0	6	0	0	0	0	0	0	0	0	0	0	0	0	0	0	0	0	0	0	0	0	0	0	0	0	0	0	0	0	0	0	0
G1M008_S58	4880	2573	1971	2464	1167	1406	1319	1903	1352	1353	0	927	3501	469	578	821	843	1475	0	707	997	0	675	1244	2236	0	2493	0	535	1213	0	0	1137	0	0	0	433	0	250	464	289	204	171	377	377	241	1087	0	0	0	198	106	329	0	170	114	94	154	0	0	148	71	143	83	129	0	0	65	0	161	51	0	99	500	0	0	0	47	0	0	30	23	66	0	40	0	39	27	22	0	0	0	21	24	194	0	0	0	0	0	0	13	36	0	0	0	0	0	9	7	0	0	0	0	0	0	0	0	0	0	0	0	0	0	0	0	32	0	0	0	0	0	0	0	0	0	0	0	0	0	0	0	0	0	0	0	0	0	0	0	0	0	0	0	0	0	0	0	0	0	0	0	0	0	0	0	0	0	0	0	0	0	0	0
G7B947_S86	1086	777	1123	633	869	553	614	680	490	520	0	484	1264	136	438	427	680	626	0	244	245	192	0	302	0	794	982	0	226	594	0	0	78	0	0	169	241	0	161	222	92	128	96	166	128	93	0	0	0	0	67	51	79	0	71	68	25	56	0	0	61	14	56	33	0	0	15	33	0	16	22	0	20	0	0	0	0	20	0	0	13	10	0	0	0	0	9	9	14	0	0	0	21	9	0	9	0	0	0	0	0	0	5	0	0	0	0	0	0	0	0	0	0	0	21	0	0	0	0	0	15	0	0	0	0	5	0	0	0	0	0	0	0	0	0	0	0	0	0	0	0	0	0	0	0	0	0	0	0	0	0	0	0	0	0	0	0	0	0	0	0	0	0	5	0	0	0	2	0	0	0	0	0	0
G4G3803_S8	2996	1819	2342	1200	2022	1690	1092	908	581	702	1015	757	0	247	664	846	0	0	947	504	529	0	581	0	0	518	0	0	270	0	1995	894	0	0	0	149	241	0	220	266	330	89	134	0	204	153	138	0	0	338	109	40	0	227	60	75	47	42	45	0	0	27	0	43	0	77	0	47	99	0	19	0	34	0	131	0	235	23	0	18	12	9	40	0	0	0	7	7	19	0	0	0	0	13	0	6	0	0	0	0	0	0	0	0	0	8	0	0	5	0	0	0	0	0	0	0	0	0	0	0	0	0	0	0	0	0	0	0	0	0	0	0	40	0	0	0	0	0	0	0	0	0	0	0	0	0	0	0	0	0	0	0	0	0	0	0	0	0	0	0	0	0	0	0	0	0	0	0	0	0	0	0	0	0
G4G3807_S30	424	213	362	195	418	335	196	316	146	184	444	188	0	39	213	126	0	0	181	114	82	0	0	0	0	116	0	0	94	0	513	292	0	0	0	56	40	0	30	95	57	74	107	0	31	36	27	0	0	46	24	16	0	57	29	53	8	15	16	0	0	13	0	9	0	18	9	19	17	0	9	0	9	0	0	0	56	7	0	13	5	0	5	0	0	0	7	5	0	0	0	0	0	0	0	0	0	0	0	0	0	0	0	0	0	4	0	0	0	0	0	0	0	0	0	0	0	0	0	0	0	0	0	0	0	0	0	0	0	0	0	0	0	0	0	0	0	0	0	0	0	0	0	0	0	0	0	0	0	0	0	0	0	0	0	0	0	0	0	0	0	0	0	0	0	0	0	0	0	0	0	0	0	0
G4G3845_S23	133	2123	170	371	137	209	35	445	3	104	146	96	0	227	72	174	0	0	37	0	48	0	0	0	0	44	0	0	43	0	146	78	0	0	0	57	7	0	41	45	3	19	11	0	18	6	71	0	0	16	5	7	0	20	3	19	0	5	4	0	0	0	0	38	0	21	4	5	20	0	37	0	0	0	0	0	21	0	0	0	5	0	3	0	0	0	3	0	0	0	0	0	0	0	0	0	0	0	0	0	0	0	0	0	0	0	0	0	0	0	0	0	0	0	0	0	0	0	0	0	0	0	0	0	0	0	0	0	0	0	0	0	0	0	0	0	0	0	0	0	0	0	0	22	0	0	0	0	0	0	0	0	0	0	0	0	0	0	0	0	0	0	0	0	0	0	0	0	0	0	0	0	0	0
G7B958_S76	1599	924	1568	873	1235	1360	1113	817	735	531	0	482	1378	199	491	429	896	989	828	290	364	269	355	299	0	703	1176	0	490	0	0	0	0	0	0	154	159	0	192	0	170	156	117	201	169	124	0	299	0	0	131	42	0	0	95	61	23	44	76	0	45	36	59	32	0	0	31	34	0	0	28	0	28	34	104	0	0	11	0	42	11	30	0	0	0	0	14	17	7	0	32	0	0	10	0	8	0	0	0	0	0	7	0	0	0	7	0	0	0	0	0	0	7	0	0	0	24	0	0	0	0	0	0	0	0	0	0	0	0	0	0	0	0	0	0	0	0	0	28	0	0	0	0	0	0	0	0	0	0	0	0	0	0	0	0	0	0	0	0	0	0	0	0	0	0	0	0	0	0	0	0	0	0	0
G4G3782_S89	519	470	433	328	446	313	198	386	209	195	450	161	434	47	218	167	0	275	173	73	72	0	0	0	0	99	0	0	167	0	0	272	0	0	0	70	64	0	41	103	26	75	100	0	38	42	70	0	0	71	32	12	36	70	32	30	10	14	0	0	0	8	0	16	0	20	14	0	25	0	8	0	6	0	0	0	0	6	0	15	0	4	6	0	0	0	0	7	0	0	0	0	0	0	0	0	0	0	0	0	0	0	0	24	0	0	0	0	0	0	0	0	0	0	0	0	0	0	0	0	0	0	0	0	0	0	0	0	0	0	0	0	0	0	0	0	0	0	0	0	0	0	0	0	0	0	0	0	0	0	0	0	0	0	0	0	0	0	0	0	0	0	0	0	0	0	0	0	0	0	0	0	0	0
G4G3790_S55	2470	1705	1280	1720	814	1127	791	1157	894	656	1272	651	0	385	351	481	685	943	553	545	630	639	481	1026	1147	0	0	2606	391	0	0	0	0	0	0	271	200	0	162	354	256	154	131	0	200	116	0	0	0	0	166	83	198	297	102	69	34	84	0	0	77	31	126	49	0	0	73	37	0	114	50	0	70	0	0	0	0	18	0	0	12	23	32	0	26	0	17	16	12	0	0	13	26	16	0	9	0	0	0	0	0	5	0	0	0	0	0	0	0	7	0	0	7	0	0	0	0	0	0	0	0	0	20	0	0	0	0	0	0	0	0	0	0	0	0	0	0	0	0	0	0	0	0	0	0	0	0	0	0	0	0	0	0	0	0	0	0	0	0	0	0	0	0	0	0	0	0	0	0	0	0	0	0	0
G7B979_S57	48	350	445	307	306	332	211	272	189	161	279	272	0	89	184	175	315	0	169	110	129	86	0	0	183	35	0	0	70	0	976	0	0	152	302	78	74	0	52	76	68	52	62	0	42	52	0	0	0	98	28	22	0	63	24	29	6	21	29	0	0	6	13	16	0	0	14	0	37	13	3	0	12	0	0	0	0	6	0	0	8	8	7	0	0	0	7	9	5	0	0	0	0	0	0	0	0	0	6	0	0	0	0	0	0	5	0	0	3	0	0	0	0	0	0	0	5	0	0	0	0	0	0	0	0	0	0	0	0	0	0	0	0	0	0	0	0	0	0	0	0	0	0	0	0	0	0	0	0	0	0	0	0	0	0	0	0	0	0	0	0	0	0	0	0	0	0	0	0	0	0	0	0	0
G4G3756_S66	0	1826	1521	1504	1141	874	940	1131	770	769	1379	674	2018	379	608	637	0	0	720	309	464	557	361	517	1443	0	0	0	341	0	0	883	0	699	2705	226	261	0	182	0	147	173	124	307	173	191	0	298	0	0	118	81	0	0	109	62	41	81	108	0	92	46	105	49	0	0	0	45	0	48	58	0	39	0	0	0	0	15	0	0	21	25	26	0	0	0	21	12	18	0	0	0	0	9	108	17	0	0	0	0	0	14	6	0	0	0	0	0	0	4	0	0	10	0	0	0	20	0	0	0	0	0	0	0	0	0	0	0	0	0	0	0	0	0	0	0	0	0	0	0	0	0	0	0	0	0	0	0	0	0	0	0	0	0	0	0	0	0	0	0	0	0	0	0	0	0	0	0	0	0	0	0	0	0
G7B1008_S45	2780	1380	733	1427	444	829	557	791	907	574	185	483	0	231	277	398	80	813	98	418	361	380	295	486	0	973	757	0	384	518	0	432	339	0	0	194	144	1515	135	197	149	104	110	236	149	123	0	0	0	0	92	64	27	0	73	63	49	65	121	0	0	44	54	51	0	0	48	23	73	0	27	0	46	0	0	0	0	24	0	65	10	9	28	0	0	0	17	15	0	0	0	9	23	0	0	7	0	0	0	0	0	0	0	0	0	0	0	0	0	0	0	0	0	0	0	0	0	0	0	0	0	0	0	0	0	5	0	0	0	0	0	0	0	0	0	0	0	0	0	0	0	0	0	0	0	0	0	0	0	0	0	0	0	0	0	0	0	0	0	0	0	0	0	0	0	0	0	0	0	0	0	0	0	0
G7B933_S38	3258	1827	2099	1375	1545	1497	1218	1563	1423	1065	1638	805	2297	297	846	895	1286	0	1066	613	594	422	712	478	0	1093	0	0	336	0	0	0	0	938	0	293	329	0	265	430	188	264	213	338	298	163	0	0	0	0	158	90	0	0	120	194	45	123	181	0	0	40	111	43	0	0	73	75	140	54	43	0	77	0	89	0	0	35	0	0	13	28	0	0	0	0	37	15	26	0	40	0	28	0	0	12	0	0	0	0	0	0	8	0	0	0	0	0	0	4	0	0	0	0	0	0	0	0	0	0	0	0	0	0	0	0	0	0	0	0	0	0	0	0	0	0	0	0	0	0	0	0	3	0	0	0	0	0	0	0	0	0	0	0	0	0	0	0	0	0	0	0	0	0	0	0	0	0	0	0	0	0	0	0
G7B948_S61	3410	1564	2420	1573	2835	1760	1356	2300	1012	1251	0	878	0	472	1161	856	0	1223	1212	682	680	0	610	0	0	1273	2519	0	475	0	2826	1933	986	0	0	488	592	0	307	602	326	352	367	0	327	233	437	0	0	392	186	119	0	476	235	222	66	74	164	0	231	45	146	72	0	0	0	94	0	0	56	0	53	0	117	0	0	37	0	80	45	45	70	0	26	0	17	25	28	0	0	27	53	22	151	28	0	0	0	0	0	16	0	0	0	13	0	0	0	0	0	0	13	0	0	0	0	0	8	0	0	0	0	0	0	0	0	0	0	0	0	0	0	0	0	0	0	0	0	0	0	0	0	0	0	0	0	0	0	0	0	0	0	0	0	0	0	0	0	0	0	0	0	0	0	0	0	0	0	0	0	0	0	0
G4G3778_S67	429	820	296	489	250	217	173	122	132	100	0	98	98	72	124	100	0	0	176	141	70	100	0	52	152	0	192	0	130	0	60	219	37	0	0	26	51	0	40	0	16	36	47	0	0	40	0	34	0	0	14	10	48	32	13	6	6	7	0	0	0	7	0	17	0	0	18	6	10	11	8	0	0	0	0	15	30	0	0	0	0	4	8	0	0	0	5	6	4	0	0	0	6	5	0	0	0	20	0	0	0	0	0	0	0	0	0	0	0	0	0	0	0	0	0	0	0	0	0	0	0	0	4	0	0	0	0	0	0	13	0	0	0	0	0	0	0	0	0	0	0	0	0	0	0	0	0	0	0	0	0	0	0	0	0	0	0	0	0	0	0	0	0	0	0	0	0	0	0	0	0	0	0	0
G7B956_S26	272	174	362	258	257	202	182	346	162	204	91	180	320	68	127	140	262	89	0	42	153	51	0	44	0	108	183	0	74	103	0	0	124	0	0	43	74	0	51	58	36	43	45	51	32	58	0	0	0	0	19	18	0	0	15	21	6	3	7	0	0	0	25	13	0	0	12	23	22	0	5	0	0	0	0	0	0	0	0	11	4	3	0	0	0	0	0	3	0	0	6	0	3	7	0	0	0	0	0	0	0	0	2	0	0	0	0	0	0	0	0	0	0	0	0	0	0	0	0	0	5	0	0	0	0	5	0	0	0	0	0	0	0	0	0	0	0	0	0	0	0	0	0	0	0	0	0	0	0	0	0	0	0	0	0	0	0	0	0	0	0	0	0	0	0	0	0	0	0	0	0	0	0	0
G4G3895_S71	1140	966	692	313	576	734	370	540	208	249	152	273	425	118	300	173	319	0	340	122	139	48	0	622	319	87	450	0	193	0	0	363	118	86	0	58	181	347	80	78	68	86	112	124	59	37	0	0	0	0	54	12	43	0	47	47	25	22	16	0	42	15	36	19	0	0	29	28	0	0	11	0	16	0	0	0	77	11	0	12	12	11	0	0	0	0	9	8	0	0	11	0	10	0	0	0	0	0	0	0	0	0	0	0	0	0	0	0	6	0	0	0	0	0	0	0	0	0	0	0	1	0	0	0	0	0	0	0	0	0	0	0	0	0	0	0	0	0	0	0	0	0	0	0	0	0	0	0	0	0	0	0	0	0	0	0	0	0	0	0	0	0	0	0	0	0	0	0	0	0	0	0	0	0
G4G3872_S47	2072	864	724	412	372	634	347	494	538	342	362	461	218	99	246	317	159	393	336	231	200	0	0	331	76	330	497	0	385	0	0	190	79	114	0	105	104	796	115	70	103	110	117	95	65	87	104	79	0	0	77	35	126	0	62	44	32	38	0	0	42	38	0	34	0	66	33	32	0	23	19	0	0	0	0	0	0	16	0	0	12	12	21	0	0	40	10	13	8	0	0	6	0	5	0	0	0	0	0	0	0	0	0	0	0	0	0	0	0	0	0	0	7	0	0	0	16	0	0	0	0	0	0	0	0	0	0	0	0	0	0	0	0	0	0	0	0	0	0	0	0	0	0	0	0	0	0	0	0	0	0	0	0	0	0	0	0	0	0	0	0	0	0	0	0	0	0	0	0	0	0	0	0	0
G4G3925_S36	1083	912	787	774	752	718	470	1001	1033	353	930	514	1244	98	431	350	750	736	659	207	288	297	0	212	0	430	0	0	268	0	0	0	0	0	0	138	99	0	81	213	77	115	124	115	0	72	0	0	0	0	70	17	83	0	86	69	25	29	0	0	0	15	0	36	0	67	24	36	53	33	20	0	26	0	0	112	0	12	0	0	17	19	15	0	0	0	0	10	0	0	0	8	17	0	0	5	0	0	0	0	0	5	0	0	0	0	0	0	0	0	0	0	0	0	0	0	0	0	0	0	0	0	0	0	0	0	0	0	0	0	0	0	0	5	0	0	0	0	0	0	0	0	0	0	0	0	0	0	0	0	0	0	0	0	0	0	0	0	0	0	0	0	0	0	0	0	0	0	0	0	0	0	0	0
G7B967_S3	845	713	972	595	895	1378	640	1129	218	123	201	629	0	142	321	401	0	0	136	135	131	150	0	0	76	65	963	0	220	294	0	863	165	196	29	174	194	339	113	88	68	150	76	104	69	88	0	54	0	84	136	53	16	0	26	40	19	62	0	0	72	14	29	15	0	0	17	44	0	0	9	0	38	0	0	0	99	7	0	7	6	19	0	0	0	0	3	9	11	0	21	0	14	0	0	4	0	0	0	0	0	6	0	0	0	0	0	0	2	5	0	0	0	0	0	0	0	0	0	0	0	0	0	0	0	0	0	0	0	11	0	0	0	0	0	17	0	0	0	28	0	0	0	0	0	0	0	0	0	0	0	0	0	0	0	0	0	0	0	0	0	0	0	0	0	0	0	0	0	0	0	0	0	0
G7B955_S4	862	1205	360	1080	1087	1086	799	353	370	373	797	704	1213	180	381	442	717	27	452	245	213	0	301	78	1087	188	0	0	314	181	0	89	58	0	0	171	198	0	124	0	70	160	116	0	67	145	257	214	0	596	64	29	13	127	62	50	14	38	50	1298	93	14	0	23	0	100	31	38	0	0	16	0	23	0	0	0	0	17	0	16	0	10	16	0	0	0	9	5	7	0	0	6	14	7	0	5	0	0	0	0	0	0	0	0	0	4	0	0	4	4	0	0	0	0	0	0	0	0	0	0	1	0	0	0	0	6	0	0	0	0	0	0	0	0	0	0	0	0	0	0	0	0	3	0	0	9	0	0	0	0	0	0	0	0	0	0	0	0	0	0	0	0	0	0	3	0	0	0	0	0	1	0	0	0
G7B987_S92	52	364	460	507	317	25	297	280	187	189	433	144	764	14	129	100	0	250	204	111	116	126	0	179	379	0	0	0	97	0	0	205	117	0	0	49	92	0	0	55	36	65	31	0	0	39	0	0	0	0	30	17	46	83	40	11	6	24	0	0	0	6	31	0	0	0	14	0	30	0	13	0	10	0	0	0	0	10	0	14	7	7	0	0	0	0	5	6	5	0	0	5	0	0	0	3	0	0	0	0	0	0	0	0	0	0	0	0	0	2	0	0	4	0	12	0	0	0	0	0	0	0	0	0	0	0	0	0	0	0	0	0	0	0	0	0	0	0	0	0	0	0	0	0	0	0	0	0	0	0	0	0	0	0	0	0	7	0	0	0	0	0	0	0	0	0	0	0	0	0	0	0	0	0
G4G3891_S82	2947	1601	2529	1275	2170	1817	1442	1782	694	771	1709	819	0	543	1063	706	1462	1225	0	571	410	0	615	269	641	0	0	1934	435	1049	0	0	0	0	0	370	323	0	281	0	272	473	459	281	0	157	282	601	0	0	148	111	168	0	119	143	42	57	0	0	154	42	126	32	97	0	67	0	0	0	48	0	78	0	0	214	0	29	0	54	37	40	0	0	38	0	14	18	26	0	0	14	0	25	0	0	0	0	0	0	0	10	24	77	0	0	0	0	0	0	0	0	11	0	46	0	0	0	0	0	0	0	0	0	0	0	0	0	0	0	42	0	0	0	0	0	32	0	0	0	0	0	0	0	0	0	0	0	0	0	0	0	0	0	0	0	0	0	0	0	0	0	0	0	0	0	0	0	0	0	0	0	0	0
G4G3707_S1	16865	5419	4661	4121	3370	2009	4094	2956	3144	3454	3818	1795	0	1723	1776	2465	1637	0	3329	1892	1855	3414	2124	2402	0	2726	0	5438	365	0	0	0	0	3891	0	1156	885	0	697	1316	517	542	391	1065	654	245	0	0	0	0	283	288	0	0	224	154	252	345	596	0	244	192	0	72	0	366	78	67	0	281	92	0	0	0	252	0	0	80	0	0	81	30	156	0	73	142	61	26	51	0	0	46	0	33	0	48	0	0	0	0	0	0	0	0	0	40	0	0	12	8	0	0	0	0	0	0	0	0	5	0	0	0	0	0	0	19	0	0	0	0	0	0	0	0	0	0	0	0	0	0	0	0	0	0	0	0	0	0	0	0	0	0	0	0	0	0	0	0	0	0	0	0	0	0	0	0	0	0	0	0	0	0	0	0
G7B986_S9	0	0	0	0	0	0	0	0	0	0	0	0	0	0	0	0	0	0	0	0	0	0	0	0	0	0	0	0	0	0	0	0	0	0	0	0	0	0	0	0	0	0	0	0	0	0	0	0	0	0	0	0	0	0	0	0	0	0	0	0	0	0	0	0	0	0	0	0	0	0	0	0	0	0	0	0	0	0	0	0	0	0	0	0	0	0	0	0	0	0	0	0	0	0	0	0	0	0	0	0	0	0	0	0	0	0	0	0	0	0	0	0	0	0	0	0	0	0	0	0	0	0	0	0	0	0	0	0	0	0	0	0	0	0	0	0	0	0	0	0	0	0	0	0	0	0	0	0	0	0	0	0	0	0	0	0	0	0	0	0	0	0	0	0	0	0	0	0	0	0	0	0	0	0
G7B918_S62	275	235	272	232	579	472	158	288	160	223	0	291	0	75	226	148	0	0	270	103	78	46	0	46	24	0	466	0	151	0	605	397	57	0	0	51	90	0	20	0	84	53	79	0	0	29	0	76	0	0	45	15	24	80	15	19	7	13	0	0	0	3	0	5	0	0	7	16	40	4	14	0	0	0	0	33	86	0	0	0	7	7	6	0	0	11	0	9	0	0	0	0	7	3	0	0	0	14	0	0	0	0	0	0	0	0	0	0	0	0	0	0	0	0	0	0	0	0	0	0	0	0	0	0	0	0	0	0	0	0	0	0	0	0	0	0	0	0	0	0	0	0	0	0	0	0	0	0	0	0	0	0	0	0	0	0	0	0	0	0	0	0	0	0	0	0	0	0	0	0	0	0	0	0
G4G3772_S78	22	44	716	55	945	270	156	120	25	138	721	141	235	18	31	170	248	323	0	45	120	0	0	33	32	0	0	0	163	0	0	0	0	0	0	15	52	0	0	87	2	248	98	77	0	109	28	0	357	0	61	50	16	0	22	20	19	0	0	0	0	0	0	28	0	0	8	0	5	8	0	0	0	0	0	0	0	26	0	0	0	7	0	0	0	7	3	0	0	0	0	0	7	0	0	3	0	0	0	0	0	11	0	22	0	0	0	0	0	0	0	0	0	0	0	0	0	0	0	0	0	0	0	0	0	0	0	0	0	0	0	0	0	0	0	0	0	0	0	0	0	0	2	0	0	0	0	0	0	0	0	0	0	0	0	0	0	0	0	0	0	0	0	0	0	0	0	0	0	0	0	0	0	0
G7B980_S22	2517	210	568	745	183	343	258	377	553	121	191	90	1143	42	138	113	573	279	250	150	270	0	0	0	0	191	0	0	156	0	0	0	0	0	0	91	140	0	197	0	198	104	51	0	37	72	138	121	0	1071	46	76	0	70	23	45	39	10	28	0	26	43	0	22	0	20	10	20	0	11	12	0	14	0	0	0	0	26	0	0	8	15	8	0	0	0	0	0	16	0	0	0	15	0	0	0	0	0	0	0	0	0	0	0	0	0	0	0	0	0	0	0	0	0	0	0	0	0	0	0	0	0	0	0	0	0	0	0	0	0	0	0	0	0	0	0	0	0	0	0	0	0	0	0	0	0	0	0	0	0	0	0	0	0	8	0	0	0	0	0	0	0	0	0	0	0	0	0	0	0	0	0	0	0
G4G3860_S48	19159	22725	5968	11208	786	7302	4711	2043	9942	3232	0	1391	0	4611	826	1229	0	4847	0	2782	3115	3547	2782	2744	3490	0	1908	3857	965	4506	0	1192	0	0	0	790	387	0	1368	1031	755	606	301	615	1015	705	0	0	0	0	645	1108	709	0	155	102	199	330	0	0	197	179	241	218	986	0	193	64	0	269	217	0	0	0	0	0	0	50	0	0	40	24	0	0	302	359	92	115	50	0	110	100	10	32	0	33	0	0	0	0	0	8	28	0	223	0	0	0	8	9	0	0	0	0	0	0	0	0	7	0	0	0	0	0	81	0	0	0	0	0	0	0	0	0	0	0	0	0	0	0	0	0	0	0	0	0	0	0	0	0	0	0	0	0	0	8	0	0	0	0	0	0	0	0	0	0	0	0	3	0	0	0	0	0
G7B998_S21	5612	3043	2508	2968	1809	1446	1667	2193	1621	1474	2585	1149	3089	605	817	1104	1502	0	1194	754	981	916	760	1186	76	2008	0	0	557	0	0	0	8	1563	0	463	423	51	356	534	265	306	230	534	367	267	0	0	0	0	202	114	0	0	225	151	74	146	274	0	0	98	157	78	0	0	97	55	161	110	81	0	115	0	97	0	0	52	0	0	24	48	0	0	59	0	39	28	24	0	53	26	29	0	0	15	0	0	0	0	0	5	26	0	0	0	0	0	13	12	0	0	0	0	0	0	0	0	7	0	19	0	0	0	0	0	0	0	0	0	0	0	0	0	37	0	0	0	0	0	0	0	0	0	0	0	0	0	0	0	0	0	0	0	0	0	0	7	0	0	0	0	0	0	0	0	0	0	0	0	0	0	0	0
G4G3864_S96	0	1615	788	337	2793	2904	1572	1018	209	282	1969	328	0	173	1128	617	0	0	604	607	976	0	259	63	85	0	0	524	898	0	0	1375	0	506	1597	590	61	0	93	111	318	390	330	156	41	23	135	0	0	0	148	17	0	0	39	62	18	38	110	0	0	18	0	39	0	58	84	58	179	25	17	0	83	0	115	0	0	8	0	0	13	25	26	0	0	0	0	7	14	0	0	0	0	14	0	3	0	0	0	356	0	14	0	0	0	0	0	0	0	3	0	0	24	0	0	0	6	0	0	0	0	0	0	0	0	0	0	0	0	0	0	0	0	0	0	0	0	0	0	0	0	0	0	0	0	0	0	0	0	0	0	0	0	0	0	0	0	0	0	0	0	0	0	0	0	0	0	0	0	0	0	2	0	0
G4G3791_S32	35	12	163	64	121	89	30	57	35	47	153	74	0	0	42	28	290	26	14	15	26	0	0	9	0	17	0	28	31	0	0	0	0	0	0	0	22	0	0	0	0	24	17	0	0	39	10	7	0	0	12	0	0	10	14	13	7	0	3	0	0	0	5	0	0	0	0	0	7	0	0	0	7	0	0	0	0	8	0	0	0	0	0	0	0	0	0	0	0	0	0	0	0	0	0	0	0	0	0	0	0	0	0	0	0	0	0	0	0	0	0	0	0	0	0	0	0	0	0	0	0	0	0	0	0	0	0	0	0	0	0	0	0	0	0	0	0	0	0	0	0	0	0	0	0	0	0	0	0	0	0	0	0	0	0	0	0	0	0	0	0	0	0	0	0	0	0	0	0	0	0	0	0	0
G4G3811_S77	0	0	0	0	0	34	0	0	0	0	0	0	0	0	0	0	0	60	0	0	0	0	0	0	0	0	0	0	0	0	0	0	0	0	9	0	0	0	0	0	0	0	0	0	0	0	0	0	0	0	0	0	0	0	0	10	0	0	0	0	0	0	0	3	0	0	0	4	0	0	0	0	0	0	0	0	0	0	1612	0	0	0	0	0	0	0	0	0	0	0	0	0	0	0	0	0	0	0	0	0	0	0	0	0	0	0	0	0	0	0	0	0	0	0	0	0	0	0	0	0	0	0	0	0	0	0	0	0	0	0	0	0	0	0	0	0	0	0	0	0	0	0	0	0	0	0	0	0	0	0	0	0	0	0	0	0	0	0	0	0	0	0	0	0	0	0	0	0	0	0	0	0	0	0
G7B985_S10	2916	2828	2100	2096	1394	1389	1680	1239	997	962	513	841	0	466	564	881	334	0	1081	617	663	842	669	515	1513	0	1163	0	529	0	1754	636	291	574	2035	351	445	1155	279	185	238	248	161	89	211	263	0	226	0	501	170	125	240	227	147	91	65	123	0	0	53	75	98	65	0	0	78	45	0	54	59	0	58	0	0	0	173	42	0	25	21	14	0	0	0	0	31	30	22	0	62	17	17	0	0	15	0	0	17	0	0	10	13	0	0	0	0	0	0	4	0	0	0	0	0	0	0	0	0	0	0	0	0	0	0	0	0	0	0	2	0	0	0	0	0	11	0	0	0	0	0	0	0	0	0	0	0	0	0	0	0	0	0	0	0	0	0	0	0	0	0	0	0	0	0	0	0	0	0	0	0	0	0	0
G4G3842_S95	833	786	731	672	609	447	489	644	375	352	786	319	927	99	256	302	408	398	341	230	213	0	298	271	551	0	0	0	203	0	0	0	275	0	0	146	125	0	89	159	77	0	96	174	90	92	261	0	0	0	59	54	59	0	68	38	21	50	0	0	48	12	0	35	0	43	22	15	0	34	16	115	0	0	0	0	0	11	0	0	0	12	0	0	0	29	15	6	0	0	0	0	16	0	0	8	0	0	0	0	0	0	0	0	0	0	0	0	0	0	0	0	6	0	0	0	0	0	0	0	0	0	0	0	0	0	0	0	0	0	0	0	0	0	0	0	0	0	0	0	0	0	0	0	0	0	0	0	0	10	0	0	0	0	0	0	0	0	0	0	0	0	0	0	0	0	0	0	0	0	0	0	0	0
G4G3894_S12	4405	3439	0	2975	1230	1675	1391	1763	1706	1073	0	872	2526	366	663	1073	1100	1541	0	856	888	1461	912	1397	0	1417	2265	0	778	1345	0	0	607	0	0	414	313	0	227	488	337	240	128	381	355	280	0	0	0	0	195	103	0	0	174	109	64	126	228	2015	174	82	131	120	184	0	101	54	0	0	50	0	0	0	0	0	0	36	0	141	28	36	57	0	53	104	44	22	37	0	0	14	29	15	0	18	0	0	0	0	0	0	31	0	0	0	0	0	8	9	0	0	0	0	0	0	0	0	0	0	0	0	0	0	0	6	0	0	0	0	0	0	0	0	0	0	0	0	0	0	0	0	0	0	0	0	0	0	0	0	0	0	0	0	0	0	0	0	0	0	0	0	0	0	0	0	0	0	0	0	0	0	0	0
G4G3866_S84	26050	5761	6735	2836	4520	2828	4893	2197	3211	4371	0	1449	0	4995	2589	1852	0	3743	0	2234	1405	4433	3052	873	1083	0	1919	0	218	0	0	1520	3065	0	0	1336	649	2287	1004	0	414	354	832	633	552	180	0	1784	5823	0	142	723	527	0	60	66	437	217	0	0	0	266	0	35	0	308	55	29	145	0	74	0	0	0	0	0	0	41	0	169	69	6	0	867	66	48	74	9	26	0	158	40	0	21	0	31	0	0	0	0	0	7	14	0	0	0	0	0	0	4	0	0	4	0	0	0	0	0	0	0	0	0	0	0	0	0	0	0	0	0	0	0	0	0	0	0	0	0	0	0	0	25	0	0	0	0	0	0	0	0	0	0	0	0	0	0	0	0	0	0	0	0	0	0	0	0	0	0	0	0	0	0	0	0
G4G3776_S54	649	203	372	302	399	537	161	252	140	208	0	198	0	79	185	130	320	0	181	78	50	40	0	0	0	217	235	0	108	0	669	0	0	0	0	58	47	0	30	0	42	62	65	0	22	43	0	90	0	130	24	26	0	68	35	34	10	9	16	0	0	12	17	15	0	0	19	24	17	6	12	0	5	0	0	0	44	5	0	0	4	6	0	0	0	0	0	0	0	0	0	4	0	0	0	6	0	0	0	0	0	0	0	0	0	0	0	0	0	0	0	0	0	0	0	0	0	0	0	0	0	0	0	0	0	0	0	0	0	0	0	0	0	0	0	0	0	0	0	0	0	0	0	0	0	0	0	0	0	0	0	0	0	0	0	0	0	0	0	0	0	0	0	0	0	0	0	0	0	0	0	0	0	0
G7B943_S73	0	0	0	0	0	0	0	0	0	0	0	0	0	0	0	0	0	0	0	0	0	0	0	0	0	0	0	0	0	0	0	0	0	0	0	0	0	0	0	0	0	4	0	0	0	0	0	0	0	0	0	0	0	0	0	0	0	0	0	0	0	0	0	0	0	0	0	0	0	0	0	0	0	0	0	0	0	0	0	0	0	0	0	0	0	0	0	0	0	0	0	0	0	0	0	0	0	0	0	0	0	0	0	0	0	0	0	0	0	0	0	0	0	0	0	0	0	0	0	0	0	0	0	0	0	0	0	0	0	0	0	0	0	0	0	0	0	0	0	0	0	0	0	0	0	0	0	0	0	0	0	0	0	0	0	0	0	0	0	0	0	0	0	0	0	0	0	0	0	0	0	0	0	0
G7B924_S51	2022	1145	889	1593	601	985	917	756	723	544	1114	467	0	276	440	385	629	0	537	375	348	450	285	647	0	933	0	1795	370	0	0	0	0	655	0	0	206	0	113	253	145	115	83	0	0	131	0	0	0	0	136	65	144	242	69	52	50	47	0	0	102	43	0	41	0	94	37	44	0	0	40	0	46	161	0	0	0	23	0	73	11	16	40	0	0	0	18	19	15	0	0	17	26	0	0	0	0	0	0	0	0	7	0	0	0	14	0	0	0	0	0	0	0	0	0	0	0	0	0	0	0	0	0	0	0	0	11	0	0	0	0	0	0	0	0	0	0	0	0	0	0	0	0	0	0	0	0	0	0	0	0	0	0	0	0	0	0	0	0	6	0	0	0	0	0	0	0	0	0	0	0	0	0	0
G7B915_S37	0	0	0	0	0	0	0	0	0	0	0	0	0	0	0	4	193	0	0	0	0	0	0	0	0	0	0	0	0	0	0	0	0	0	0	0	0	0	0	0	0	0	0	0	0	0	0	0	0	0	0	0	0	0	0	0	0	0	0	0	0	0	0	0	0	0	0	0	0	0	0	0	0	0	0	0	0	0	0	0	0	0	0	0	0	0	0	0	0	0	16	0	0	0	0	0	0	0	0	0	0	0	0	0	0	0	0	0	0	0	0	0	0	0	0	0	0	0	0	0	0	0	0	0	0	0	0	0	0	0	0	0	0	0	0	0	0	0	0	0	0	0	0	0	0	0	0	0	0	0	0	0	0	0	0	0	0	0	0	0	0	0	0	0	0	0	0	0	0	0	0	0	0	0
G4G3663_S13	8456	3129	5315	3282	3817	2295	3034	3544	2558	2532	3198	1464	0	1091	2070	2051	2457	2923	2640	1692	1501	1344	1762	0	0	1630	0	0	471	0	4914	0	0	0	0	588	655	0	493	0	500	486	348	0	530	307	0	1104	0	1559	273	270	0	855	250	234	120	264	306	0	0	100	311	96	0	0	67	104	314	117	90	0	0	0	210	0	0	69	0	0	63	34	108	0	51	139	55	36	36	0	0	32	12	36	0	23	0	0	0	0	0	17	0	0	0	26	0	0	15	11	0	0	0	0	0	0	0	0	8	0	0	0	0	0	0	0	0	0	0	0	0	0	0	0	0	0	0	0	0	0	0	0	5	0	0	0	0	0	0	0	0	0	0	0	0	0	0	0	0	0	0	0	0	0	0	0	0	0	0	0	0	0	0	0
G7B925_S40	1771	1444	1511	857	1104	1116	771	989	677	661	0	631	0	210	558	536	0	0	481	263	306	404	0	314	703	0	1341	0	479	0	0	763	344	0	0	203	269	1462	173	0	123	197	121	203	154	112	0	289	0	0	85	78	84	0	91	83	33	61	0	0	77	18	84	50	0	0	43	52	0	0	39	0	38	0	0	0	153	13	0	31	11	14	0	0	0	0	14	19	21	0	25	12	14	0	0	6	0	0	0	0	0	0	8	0	0	0	0	0	5	0	0	0	0	0	0	0	0	0	0	0	0	0	0	0	0	5	0	0	0	0	0	0	0	0	0	0	0	0	0	0	0	0	0	0	0	0	0	0	0	0	0	0	0	0	0	0	0	0	0	0	0	0	0	0	0	0	0	0	0	0	0	0	0	0
G4G3839_S44	4449	1874	1138	1910	661	1205	1158	986	1051	802	0	676	1088	478	443	568	0	0	875	691	665	0	503	1133	0	1068	1296	0	536	0	0	641	0	0	0	269	128	0	131	405	335	131	102	311	0	117	735	0	0	0	253	93	162	0	78	75	46	90	0	0	63	60	0	44	0	0	58	35	0	87	60	0	0	0	122	241	0	26	0	0	19	37	0	0	45	57	15	16	24	0	32	10	14	0	0	15	0	55	0	0	0	0	0	0	0	0	0	0	0	6	0	0	8	0	0	0	0	0	0	0	0	0	0	0	0	3	0	0	0	0	0	0	0	0	0	0	0	0	0	0	0	0	0	0	0	0	0	0	0	0	0	0	0	0	0	0	0	0	0	0	0	0	0	0	0	0	0	0	0	0	0	0	0	0
G4G3802_S90	459	239	541	317	725	449	313	440	247	246	981	330	750	62	344	200	0	373	333	148	153	0	0	0	0	132	0	0	213	0	0	492	0	0	0	89	96	0	52	179	52	104	79	0	61	61	47	0	0	175	44	23	0	115	45	40	18	21	28	0	0	14	0	11	0	37	12	31	32	9	8	0	18	0	0	0	0	11	0	0	7	6	5	0	0	0	8	3	6	0	0	0	11	6	0	3	0	0	0	0	0	0	0	0	0	3	0	0	3	0	0	0	0	0	0	0	0	0	0	0	0	0	0	0	0	0	0	0	0	0	0	0	0	0	0	0	0	0	0	0	0	0	0	0	0	0	0	0	0	0	0	0	0	0	0	0	0	0	0	0	0	0	0	0	0	0	0	0	0	0	0	0	0	0
G1M007_S70	2660	790	1281	797	1278	845	644	1168	445	610	1157	520	1616	222	618	492	927	586	742	281	375	0	312	223	474	0	0	0	422	0	0	0	0	0	0	182	234	0	135	0	137	181	190	229	0	121	189	322	0	0	81	46	0	0	110	105	68	53	71	0	0	48	66	31	0	0	38	50	93	30	24	0	35	0	0	149	0	45	0	0	30	25	18	0	0	0	9	12	8	0	0	9	0	0	0	5	0	0	0	0	0	0	13	0	0	0	0	0	8	0	0	0	0	0	0	0	20	0	0	0	0	0	0	0	0	0	0	0	0	0	0	0	0	0	0	0	0	0	0	0	0	0	0	0	0	0	0	0	0	0	0	0	0	0	0	0	0	0	0	0	0	0	0	0	0	0	0	0	0	0	0	0	0	0
G7B988_S33	0	0	0	0	0	0	0	0	0	0	0	0	0	0	0	0	0	0	0	0	0	0	0	0	0	0	0	0	0	0	0	0	0	0	0	0	0	0	0	0	0	0	0	4	0	0	0	0	0	0	0	0	0	0	0	0	0	0	0	0	0	0	0	0	0	0	0	0	0	0	0	0	0	0	0	0	0	0	0	0	0	0	0	0	0	0	0	0	0	0	0	0	0	0	0	0	0	0	0	0	0	0	0	0	0	0	0	0	0	0	0	0	0	0	0	0	0	0	0	0	0	0	0	0	0	0	0	0	0	0	0	0	0	0	0	0	0	0	0	0	0	0	0	0	0	0	0	0	0	0	0	0	0	0	0	0	0	0	0	0	0	0	0	0	0	0	0	0	0	0	0	0	0	0
G7B981_S34	203	61	598	102	95	403	150	148	15	94	221	113	0	0	47	171	124	0	0	6	35	0	0	0	37	0	0	0	13	502	0	0	0	29	0	135	232	0	0	0	12	17	30	0	4	2	18	4	0	20	5	31	0	26	19	3	0	0	5	0	0	3	0	9	0	4	0	18	20	0	0	0	18	0	0	0	0	0	0	0	0	9	0	0	0	0	0	7	0	261	0	0	0	0	0	0	0	0	0	0	0	0	0	0	0	0	0	0	0	0	0	0	0	0	0	0	0	0	0	0	0	0	0	0	0	0	0	0	0	0	0	0	0	0	0	0	0	0	0	0	0	0	0	0	0	0	0	0	0	0	0	0	0	0	0	0	0	0	0	0	0	0	0	0	0	0	0	0	0	0	0	0	0	0
G4G3787_S19	1226	807	741	1155	509	489	565	557	492	579	843	500	1016	155	249	305	537	343	272	236	252	322	0	457	0	478	0	0	260	0	0	0	0	0	0	169	119	0	173	246	72	166	86	0	73	85	0	0	0	0	71	28	96	218	69	36	14	61	0	0	46	22	69	30	0	0	0	19	0	22	23	0	18	0	0	0	0	9	0	0	7	13	25	0	0	0	6	14	0	0	0	0	17	9	84	7	0	0	0	0	0	4	0	0	0	0	0	0	0	5	0	0	0	0	0	0	0	0	0	0	0	0	0	0	0	0	0	0	0	0	0	0	0	0	0	0	0	0	0	0	0	0	0	0	0	0	0	0	0	0	0	0	0	0	0	0	0	0	0	0	0	0	0	0	0	0	0	0	0	3	0	0	2	0
G7B929_S17	2818	1570	1206	1774	616	896	960	782	839	601	949	547	690	303	338	495	625	192	0	455	589	261	466	944	1089	0	276	1146	454	564	0	0	61	551	0	234	195	0	173	78	181	120	144	181	0	166	287	201	155	0	154	52	127	0	83	56	35	84	14	0	57	43	57	27	73	0	68	0	0	55	31	0	26	0	0	223	0	17	0	27	14	26	0	0	0	35	15	17	17	0	21	11	0	0	0	5	0	0	0	0	0	0	10	26	0	0	0	0	0	0	0	0	6	0	0	0	10	0	0	0	0	0	0	0	0	0	0	0	0	0	0	0	0	0	0	0	0	0	0	0	0	0	0	0	0	0	0	0	0	0	0	0	0	0	0	0	0	0	0	0	0	0	0	0	0	0	0	0	0	0	0	0	0	0
G4G3755_S79	0	1094	1429	1200	2190	670	1144	1166	1264	919	1681	1376	849	1498	1276	807	2162	1097	0	672	357	0	664	0	318	0	0	0	491	0	0	0	0	0	3902	0	179	0	662	573	261	0	413	0	0	281	283	0	1341	1382	104	489	0	167	87	140	534	40	69	0	0	87	0	43	0	179	35	105	167	0	0	407	23	365	0	198	0	26	0	72	53	37	0	192	0	0	80	17	29	0	0	6	0	41	0	0	0	0	0	0	0	27	0	0	0	0	0	0	0	0	0	0	0	0	40	0	0	0	0	0	0	0	6	0	0	0	7	0	0	0	0	0	0	0	0	0	0	0	0	0	0	0	3	0	0	0	0	0	0	0	10	0	0	0	0	0	0	0	0	0	0	0	0	0	0	5	0	0	0	0	0	0	0	0
G7B968_S29	261	152	440	328	238	45	234	111	92	93	213	146	252	76	134	91	0	121	81	66	44	36	0	0	0	111	0	0	98	0	0	127	31	0	0	0	26	0	34	45	70	33	64	0	44	9	0	0	0	70	28	34	13	39	7	15	4	11	0	0	0	3	9	0	0	0	2	13	18	0	7	0	0	23	0	0	0	5	0	4	0	4	0	0	0	3	0	0	0	0	0	3	0	0	0	0	0	0	0	0	0	0	0	0	0	0	0	0	2	0	0	162	0	0	5	0	0	0	0	0	0	0	0	0	0	0	0	0	0	0	0	0	0	0	0	0	0	0	0	0	0	0	0	0	0	0	0	0	0	0	0	0	0	0	0	0	0	0	0	0	0	0	0	0	0	0	0	0	0	0	0	0	0	0
G7B995_S69	0	254	325	214	225	22	127	260	135	111	220	201	0	85	160	130	317	174	0	83	102	100	0	0	263	0	0	0	78	0	0	0	0	0	503	38	52	0	43	0	39	0	60	30	26	35	0	36	246	87	19	21	0	0	18	12	10	13	45	0	0	14	22	8	0	0	10	0	20	0	0	36	8	0	0	0	0	10	0	5	0	6	13	0	0	0	5	0	0	778	0	0	0	0	0	0	0	0	0	0	0	0	0	13	0	0	0	0	0	0	0	0	0	0	0	0	0	0	0	0	0	0	0	0	0	0	0	0	0	0	0	0	0	0	0	0	0	0	0	0	0	0	0	0	8	0	0	0	0	0	0	9	0	0	0	0	0	0	0	0	6	0	0	0	0	0	0	0	0	0	0	0	0	0
G4G3877_S60	15550	4907	3653	3057	2331	2304	3476	1898	3471	3797	1844	1016	2658	4029	1823	1145	956	2857	4272	2082	1198	0	2261	1121	1107	0	0	0	404	0	0	0	2692	0	0	789	537	0	0	1104	470	0	303	700	0	253	3875	0	0	0	225	609	633	0	83	114	467	130	0	0	185	367	0	117	0	267	83	64	0	199	123	390	0	0	569	0	0	54	0	0	67	29	0	0	78	105	94	36	36	0	99	60	8	36	0	29	0	0	0	0	0	10	0	0	0	0	0	0	0	14	0	0	10	0	0	0	0	0	7	0	0	0	0	0	0	0	0	0	0	0	0	0	0	0	0	0	0	0	0	0	0	0	0	0	0	0	0	0	0	0	0	0	0	0	0	0	0	0	0	0	0	0	0	0	0	0	0	0	0	0	0	0	0	0
G4G3793_S65	911	523	547	486	513	401	360	611	248	300	195	270	0	93	266	187	387	0	257	161	189	141	0	0	0	353	426	210	122	0	701	0	0	99	0	70	86	0	45	0	70	96	78	0	59	58	0	90	0	161	59	24	10	121	35	36	15	41	36	0	0	14	37	12	0	0	18	27	24	20	9	0	8	0	0	0	51	12	0	0	10	8	7	0	0	0	11	8	5	0	0	0	0	0	0	0	0	0	14	0	0	0	0	0	0	0	0	0	4	0	0	0	0	0	0	0	0	0	0	0	0	0	0	0	0	0	0	0	0	0	0	0	0	0	0	0	0	0	0	0	0	0	0	0	0	0	0	0	0	0	0	0	0	0	0	0	0	0	0	0	0	0	0	0	0	0	0	0	0	0	0	0	0	0
G7B959_S64	492	91	282	131	473	535	86	151	251	100	205	135	266	19	113	119	461	119	258	41	101	42	0	20	0	74	0	0	118	0	0	0	0	0	0	52	52	0	38	69	24	91	66	44	0	32	0	0	0	0	19	16	13	0	16	20	21	16	0	0	0	4	0	12	0	13	8	19	10	20	0	0	9	0	0	42	0	5	0	0	0	6	7	0	0	0	4	5	0	0	0	0	9	6	0	0	0	0	0	0	0	0	0	0	0	0	0	0	0	0	0	0	0	0	0	0	0	0	0	0	0	0	0	0	0	0	0	0	0	0	0	0	0	0	0	0	0	0	0	0	0	0	0	0	0	0	0	0	0	0	0	0	0	0	0	0	0	0	0	0	0	0	0	0	0	0	0	0	0	0	0	0	0	0
G7B939_S87	860	655	872	570	888	691	501	617	327	383	0	407	0	140	378	284	552	0	335	189	221	167	0	0	0	309	734	90	174	0	1109	0	44	0	0	128	187	0	111	0	79	113	101	0	103	90	0	163	0	229	65	52	0	157	59	58	12	33	56	0	0	19	43	16	0	0	21	39	40	31	21	0	18	0	0	0	97	9	0	0	14	16	23	0	0	0	12	8	6	0	0	0	0	0	0	3	0	0	65	0	0	5	0	0	0	12	0	0	0	6	0	0	0	0	0	0	0	0	0	0	17	0	0	0	0	0	0	0	0	0	0	0	0	0	0	0	0	0	0	0	0	0	0	0	0	0	0	0	0	0	0	0	0	0	0	0	0	0	0	0	0	0	0	0	0	0	0	0	0	0	0	0	0	0
G7B984_S93	1263	396	569	410	339	459	418	247	252	191	372	252	808	134	196	163	256	377	267	144	103	153	0	249	0	689	0	0	115	0	0	0	0	0	0	37	74	0	84	81	74	99	120	109	0	54	0	0	0	0	49	21	49	0	38	47	13	29	0	0	0	23	0	14	0	23	11	17	39	0	17	0	12	0	0	89	0	6	0	0	0	0	11	0	0	0	0	5	0	0	0	0	11	9	0	0	0	0	0	0	0	0	0	0	0	0	0	0	0	0	0	0	0	0	0	0	0	0	0	0	0	0	0	0	0	0	0	0	0	0	0	0	0	0	0	0	0	0	0	0	0	0	0	0	0	0	0	0	0	0	0	0	0	0	0	0	0	0	0	0	0	0	0	0	0	0	0	0	0	0	0	0	0	0
G4G3751_S43	3107	1557	2279	1179	1178	1947	1089	1000	1120	1357	1902	613	0	290	672	730	991	0	0	657	601	463	670	690	1253	0	0	0	914	0	0	0	622	0	0	372	279	1045	163	0	258	382	238	278	305	188	0	249	1067	0	191	109	173	0	93	100	60	63	0	0	131	42	0	100	0	0	94	54	0	78	30	0	129	0	0	0	401	31	0	0	33	21	0	273	0	0	10	11	23	0	0	15	23	10	0	15	0	77	0	0	0	0	0	0	0	0	0	0	0	5	0	0	11	0	19	0	0	0	0	0	0	0	0	0	0	10	0	0	0	0	0	0	0	11	0	0	0	0	0	0	0	0	0	0	0	0	0	0	0	0	0	0	0	0	0	0	0	0	0	0	0	0	0	0	0	0	0	0	0	0	0	0	0	0
G7B923_S16	2129	1971	1415	1403	1291	1461	986	845	694	658	1610	651	0	290	520	622	866	0	836	344	397	428	402	461	0	698	0	1660	401	0	0	0	0	922	0	0	238	0	203	298	174	227	112	0	0	198	0	0	0	0	127	83	161	253	105	112	38	44	0	0	70	27	0	37	0	71	70	65	0	0	48	0	67	205	0	0	0	23	0	35	12	14	0	0	0	0	11	12	14	0	0	20	18	15	0	0	0	0	0	0	0	6	0	0	0	8	0	0	5	0	0	0	0	0	0	0	0	0	0	0	0	0	0	0	0	0	0	0	0	0	0	0	0	0	0	0	0	0	0	0	0	0	0	0	0	0	0	0	0	0	0	0	0	0	0	0	0	0	0	0	0	6	0	0	0	0	0	0	0	0	0	0	0	0
G4G3867_S94	90	338	0	257	297	170	230	208	116	151	0	137	267	22	97	106	160	68	0	71	78	289	0	23	0	98	257	0	58	259	0	0	47	0	0	54	55	0	0	15	42	59	43	48	0	34	0	0	0	0	19	13	0	0	19	15	11	0	38	437	50	3	8	8	0	0	0	12	0	0	9	0	0	0	0	0	0	3	0	26	0	11	12	0	0	3	2	0	0	0	0	0	5	4	0	0	0	0	0	0	0	0	0	0	0	0	0	0	0	0	0	0	0	0	0	0	0	0	0	0	0	0	0	0	0	0	0	0	0	0	0	0	0	0	0	0	0	0	0	0	0	0	0	0	0	0	0	0	0	0	0	0	0	0	0	0	0	0	0	0	0	0	0	0	0	0	0	0	0	0	0	0	0	0
NegControl1_S14	0	0	0	0	2074	0	0	0	0	0	0	0	0	0	0	0	0	0	0	0	0	0	0	0	0	0	0	0	0	0	0	0	0	0	0	0	0	0	0	0	0	0	0	0	0	0	0	0	0	0	0	0	0	0	0	0	0	0	0	0	0	0	0	0	0	0	0	0	0	0	0	0	0	0	0	0	0	0	0	0	0	0	0	0	0	0	0	0	0	0	0	0	0	0	0	0	0	0	0	0	0	0	0	0	0	0	0	0	0	0	0	0	0	0	0	0	0	0	0	0	0	0	0	0	0	0	0	0	0	0	0	0	0	0	0	0	0	0	0	0	0	0	0	0	0	0	0	0	0	0	0	0	0	0	0	0	0	0	0	0	0	0	0	0	0	0	0	0	0	0	0	0	0	0
G4G3758_S6	3397	1493	1868	1528	1372	1471	1148	1333	987	908	1767	683	1899	350	660	736	1296	1270	1067	477	612	599	598	720	0	849	0	0	435	0	0	0	823	0	0	407	386	0	210	493	200	227	179	308	236	211	0	0	0	0	132	83	0	0	139	100	56	98	178	0	0	41	119	50	0	0	0	61	135	71	38	0	60	0	0	0	0	35	0	0	23	29	39	0	0	0	0	10	22	0	0	0	21	14	137	12	0	0	0	0	0	6	0	0	0	0	16	0	0	0	0	0	14	0	0	0	0	0	0	0	0	0	13	0	0	0	0	0	0	0	0	0	0	0	0	0	0	0	0	0	0	0	0	0	0	0	0	0	0	0	0	0	0	0	0	0	0	0	0	0	0	0	0	0	0	0	0	0	0	0	0	0	0	0
G4G3742_S56	5813	2881	2466	2786	1480	1723	1641	1570	1396	1253	1882	968	2557	1556	1003	1160	0	1756	0	806	738	0	959	742	0	1295	0	0	571	1886	0	931	832	0	0	586	305	0	390	458	250	277	159	0	301	204	1098	0	0	0	232	143	0	327	148	143	96	139	207	0	130	68	201	70	91	0	98	57	0	116	61	0	81	0	0	0	0	27	0	0	33	27	59	0	50	0	40	20	23	0	0	21	34	20	0	11	0	0	0	0	0	8	0	0	0	0	0	0	9	12	0	0	0	0	0	0	0	117	0	0	0	0	18	0	0	0	0	0	0	0	0	0	0	0	0	0	0	0	0	0	0	0	0	0	0	0	0	0	0	0	0	0	0	0	0	0	0	0	0	0	0	0	0	0	0	0	0	0	0	0	0	0	0	0
G4G3855_S72	31170	6948	7727	2900	5226	5497	5445	4153	4749	6196	3260	2714	0	10231	4007	2704	0	0	0	3371	1718	4599	3584	1178	992	0	0	0	1451	7562	0	2948	6925	4002	0	1960	783	2344	1842	0	1173	0	826	931	1287	615	0	2150	0	0	514	628	881	0	260	387	1047	368	0	0	459	677	0	269	1307	528	226	169	0	0	154	1166	147	0	0	0	0	116	0	243	125	82	0	0	76	0	0	89	91	0	154	96	10	78	0	67	0	0	0	0	0	30	31	0	0	0	144	0	35	26	0	0	0	0	0	0	0	0	9	0	0	0	0	0	0	0	0	0	0	0	0	0	0	0	0	0	0	0	0	0	0	0	0	0	0	0	0	0	0	0	0	0	0	0	0	0	0	0	0	0	0	0	0	0	0	0	5	0	0	0	0	0	0	0
G7B953_S41	0	0	0	0	0	0	0	0	0	0	0	0	0	0	0	0	0	0	0	0	0	0	0	0	0	0	0	0	0	0	0	0	0	0	0	0	0	0	0	0	0	0	0	0	0	0	0	0	0	0	0	0	0	0	0	0	0	0	0	0	0	0	0	0	0	0	0	0	0	0	0	0	0	0	0	0	0	0	0	0	0	0	0	0	0	0	0	0	0	0	0	0	0	0	0	0	0	0	0	0	0	0	0	0	0	0	0	0	0	0	0	0	0	0	0	0	0	0	0	0	0	0	0	0	0	0	0	0	0	0	0	0	0	0	0	0	0	0	0	0	0	0	0	0	0	0	0	0	0	0	0	0	0	0	0	0	0	0	0	0	0	0	0	0	0	0	0	0	0	0	0	0	0	0
G4G3900_S24	3168	1892	1606	2031	825	943	1158	1407	1194	1049	85	954	0	386	595	683	808	1516	927	690	677	785	713	771	1030	63	2107	0	634	0	83	0	0	0	0	264	221	1594	209	0	227	195	131	300	292	230	0	355	0	0	131	86	0	0	123	96	58	118	182	114	0	34	0	59	0	0	54	47	111	112	56	0	75	0	0	0	0	36	0	0	28	22	40	0	34	0	24	19	19	0	0	15	0	21	0	16	0	97	5	0	0	0	0	0	0	0	0	0	0	9	0	0	9	0	0	0	16	0	9	0	0	0	0	0	0	8	0	0	0	0	0	0	0	18	0	5	0	0	0	0	0	0	0	0	0	0	0	0	0	0	0	0	0	0	0	0	0	0	0	0	0	0	0	0	2	0	0	0	0	0	1	0	0	0
G4G3783_S68	0	339	351	249	291	280	171	300	221	137	298	178	0	40	143	167	0	176	0	47	126	0	0	127	0	110	0	418	168	207	0	184	0	0	280	42	50	0	57	66	25	46	53	45	42	55	72	0	0	0	27	16	19	0	30	21	8	13	0	0	0	8	23	20	0	0	7	8	16	10	5	0	0	0	0	0	0	4	0	0	0	7	11	0	0	13	0	7	7	0	0	2	4	6	0	0	0	0	0	0	0	0	0	0	0	0	0	0	0	2	0	0	0	0	0	0	0	0	0	0	0	0	0	0	0	0	0	0	0	0	0	0	0	0	0	0	0	0	0	0	0	0	0	0	0	9	0	0	0	0	0	0	0	0	0	0	0	0	0	0	0	0	0	0	0	0	0	0	0	0	0	0	0	0
G7B934_S85	37	48	0	0	325	11	23	139	8	79	22	74	184	0	122	165	464	216	0	8	21	5	0	0	0	18	0	0	49	20	0	0	0	0	0	53	38	0	0	0	6	4	65	0	0	5	0	3	0	0	0	0	0	23	0	0	4	0	0	33	8	0	0	9	0	0	0	0	0	0	0	0	0	0	0	0	0	0	0	0	0	0	3	0	0	0	0	0	0	0	0	0	0	0	0	0	0	0	0	0	0	0	0	0	0	0	0	0	0	0	0	0	0	0	0	0	0	0	0	0	0	0	0	0	0	0	0	0	0	0	0	0	0	0	0	0	0	0	0	0	0	0	0	0	0	0	0	0	0	0	0	0	0	0	0	0	0	0	0	0	0	0	0	0	0	0	0	2	0	0	0	0	0	0
G7B937_S15	1720	1002	1561	1284	1473	1591	927	1178	942	671	1313	768	1517	238	679	536	1587	1165	765	361	414	303	455	310	0	597	0	0	455	0	0	0	0	0	0	213	261	0	228	356	185	254	173	181	0	175	0	0	0	0	139	50	107	0	102	123	34	52	0	0	0	31	0	25	0	69	50	38	151	40	28	0	24	0	0	153	0	22	0	0	22	22	57	0	0	0	20	11	13	0	0	0	17	0	0	13	0	0	0	0	0	3	0	0	0	0	0	0	4	0	0	0	0	0	0	0	0	0	4	0	0	0	0	0	0	0	0	0	0	0	0	0	0	5	0	0	0	0	0	0	0	0	0	0	0	0	0	0	0	0	0	0	0	0	0	0	0	0	0	0	0	0	6	0	0	0	0	0	0	0	0	0	0	0
G4G3876_S35	0	147	0	369	66	0	119	0	0	269	0	0	0	0	62	165	0	0	0	47	0	0	0	0	0	191	218	0	88	0	0	188	76	45	0	0	8	0	0	83	27	0	0	0	0	28	13	0	0	0	11	27	0	18	6	10	8	4	0	0	0	0	14	0	0	0	0	0	11	8	0	0	3	43	0	40	0	0	0	0	0	0	0	0	0	0	0	0	0	0	10	0	0	4	9	0	512	0	223	0	316	0	0	8	0	0	0	217	0	0	167	0	0	151	0	137	0	0	2	96	0	90	0	0	0	0	0	57	48	0	0	42	0	0	0	0	0	29	0	0	26	0	0	0	0	0	0	15	12	0	0	0	9	0	0	0	0	0	7	0	0	0	0	0	0	0	0	0	0	0	0	0	0	2
G7B931_S63	18	40	249	216	64	30	30	43	4	60	0	71	0	36	68	154	167	0	15	47	50	9	0	0	0	0	103	0	65	0	430	0	0	0	0	11	27	0	7	0	9	18	45	0	20	9	0	32	0	0	0	0	0	5	3	3	0	6	0	0	0	0	0	0	0	0	8	0	5	0	8	0	3	0	0	0	5	0	0	0	0	0	0	0	0	0	0	0	4	0	0	0	0	0	0	0	0	0	0	0	0	0	0	0	0	0	0	0	0	0	0	0	0	0	0	0	0	0	0	0	0	0	0	0	0	0	0	0	0	0	0	0	0	0	0	0	0	0	0	0	0	0	0	0	0	0	0	0	0	0	0	0	0	0	0	0	0	0	0	0	0	0	0	0	0	0	0	0	0	0	0	0	0	0
G4G3825_S31	75	368	545	613	463	648	311	465	352	198	107	327	320	113	235	141	113	0	0	143	185	0	0	188	150	121	469	0	270	302	0	302	62	0	758	66	64	0	33	0	89	122	96	0	75	63	164	142	0	0	60	31	19	88	41	54	12	22	20	0	0	13	0	19	0	33	28	20	36	0	16	0	15	0	0	0	79	9	0	28	0	10	8	0	0	0	12	5	5	0	0	0	9	0	0	0	0	0	0	0	0	0	0	0	0	0	0	0	0	0	0	0	0	0	0	0	0	0	0	0	0	0	0	0	0	0	0	0	0	0	0	0	0	0	0	0	0	0	0	0	0	0	0	0	0	0	0	0	0	0	0	0	0	0	0	0	0	0	0	0	0	0	0	0	0	0	0	0	0	0	0	0	0	0
