Sample_ID	ACATAAATCCGTTTTAATGTTTTCCTTTTATACCTCTTTCTTTCGTCTTTCTGTTCATTATCCATATAATCTTTTTCTACTACCTTTTCATTCTTTACTTTATTTCTATTAATACACAACTCTCCTTGAGTTAAGAGATTTACGATATTATCAATATTGTTTTCTTTCATATACTTCAACTTTTTACTATTCATTTTTAAAAGATAATTAACCAAGTTACTCATGTTTGTATTAGA	TTATTAATCCTATTGAACTATTTACGACATTAAACACACTGGAACATTTTTCCATTTTACAAATTTTTTTTTCAATATCATTTTCATAATCTAATTCGTCTTTAGGTTTATTAGCAGAGCCAGGCTTTATTCTAACTTGAATACCATTTCCACAAGTTACACTACATGGGGACCATTCAGTTGAAAGAGAATTTTGTATTTTCTTTAAATATTGTTCTATGTGCTTATCACTTGGTTCTTCGTTATTATTATTTTTTACAGCATTGTTGGCATTAGCATTTTCATCTA	GGTTTGCTTAACATTGCAAGAAAGATGTTGCCTCATGGTCAAAAGTCAGGCGTAGGATGAGACAGGCAGACACGCACACATTCACACCCACGTTTTGCAAAGATGGACTGACCCTGTCA	TTTTATTAGATTTGAAAAGAAGAAGTCTTAATCGAAATATGACAAAAGGTGAAAAACAATTACTCAAAAGCATAATATTTGAACAGAAAAAAACATATTCTTTAATAAGAAAAATATTAAGTAATTTTACATTAATAACAAATAAAATTCGTAGGGATTATAGTAATATACTTTCTAATATATCTTCT	GAACCCAGTTATCTCCAGGATTGAACTTAGTAGCTGTCATTCGTACCTCATCCGCAAAGAACACAGAATCCACAACAGTAAATCTTAGCAGGAAGCAGGGTTGAGGCCTATTACGGCTGCCAAGA	CGGCGTAGAGGTGTTGATGTTAATATGGAGGAAGAAATAAATAAAATAATTTATACAAACGAATTTAATAATTATGAAGATAAAATATATGAAGATGTCAAATATATTAAAGAACAGGAAAATGAAATATACTTGAGAGATGGAATTGAAGAGTTACATATGGATGAACCAAGTGGGGATGTATATTTTGATGATCAAGATGATTATATATTTTTAGATGAACAAAAA
64pA11Plate1CI_S11	385	8	0	0	0	0
64pA03Plate1CI_S3	725	15	0	2	0	0
64pA02Plate1CI_S2	17	0	0	0	5	0
64pA01Plate1CI_S1	221	5	0	0	0	0
64pA05Plate1CI_S5	48	0	0	0	0	0
64pA04Plate1CI_S4	1781	74	0	4	0	0
64pA06Plate1CI_S6	2101	108	7	0	0	0
64pA08Plate1CI_S8	1419	89	0	0	0	4
64pA09Plate1CI_S9	85	0	0	0	0	0
